SET IDENTITY_INSERT [dbo].[Location] ON
INSERT INTO [dbo].[Location] ([Location_Id], [State], [County], [City], [Zip]) VALUES (1, N'TN', N'Washington', N'Jonesborough', N'37659')
INSERT INTO [dbo].[Location] ([Location_Id], [State], [County], [City], [Zip]) VALUES (2, N'TN', N'Washington', N'Johnson City', N'37604')
INSERT INTO [dbo].[Location] ([Location_Id], [State], [County], [City], [Zip]) VALUES (3, N'TN', N'Washington', N'Johnson City', N'37601')
INSERT INTO [dbo].[Location] ([Location_Id], [State], [County], [City], [Zip]) VALUES (4, N'VA', N'Washington', N'Bristol', N'37555')
SET IDENTITY_INSERT [dbo].[Location] OFF

SET IDENTITY_INSERT [dbo].[Cemetery] ON
INSERT INTO [dbo].[Cemetery] ([Cemetery_Id], [Cemetery_Name], [Street1], [Street2], [GPS_Coordinates], [Date_Established], [Cemetery_Notes], [Location_Id]) VALUES (1, N'Evergreen - College Hill', N'End of Cemetery Lane', NULL, N'36d17.782N|82d28.092W', NULL, NULL, 1)
INSERT INTO [dbo].[Cemetery] ([Cemetery_Id], [Cemetery_Name], [Street1], [Street2], [GPS_Coordinates], [Date_Established], [Cemetery_Notes], [Location_Id]) VALUES (2, N'Test Cemetery', N'123 Test Lane', NULL, N'36d18.183N|82d21.100W', NULL, NULL, 1)
INSERT INTO [dbo].[Cemetery] ([Cemetery_Id], [Cemetery_Name], [Street1], [Street2], [GPS_Coordinates], [Date_Established], [Cemetery_Notes], [Location_Id]) VALUES (3, N'Blair Cemetery', N'Arnold Rd - 8/10th mi from Cherokee Rd', NULL, N'36d13.070N|82d27.150W', NULL, NULL, 1)
SET IDENTITY_INSERT [dbo].[Cemetery] OFF

SET IDENTITY_INSERT [dbo].[Deceased] ON
INSERT INTO [dbo].[Deceased] ([Deceased_Id], [First_Name], [Middle_Name], [Last_Name], [Date_Of_Birth], [Date_Of_Death], [Row_Number], [Location_Within_Row], [Stone_Description], [Type_Of_Burial], [Marker_Text], [Marker_Symbols], [Cemetery_Id]) VALUES (1, N'Bertha E.', NULL, N'Allison', N'26 Jun 1884', N'31-Dec-68', N'10', N'1', N'N/A', N'In-Ground', NULL, NULL, 1)
INSERT INTO [dbo].[Deceased] ([Deceased_Id], [First_Name], [Middle_Name], [Last_Name], [Date_Of_Birth], [Date_Of_Death], [Row_Number], [Location_Within_Row], [Stone_Description], [Type_Of_Burial], [Marker_Text], [Marker_Symbols], [Cemetery_Id]) VALUES (2, N'Jacob', NULL, N'Bailey', N'31 Jan 1841', N'12 Nov 1895', N'14', N'6', N'N/A', N'In-Ground', NULL, NULL, 1)
INSERT INTO [dbo].[Deceased] ([Deceased_Id], [First_Name], [Middle_Name], [Last_Name], [Date_Of_Birth], [Date_Of_Death], [Row_Number], [Location_Within_Row], [Stone_Description], [Type_Of_Burial], [Marker_Text], [Marker_Symbols], [Cemetery_Id]) VALUES (3, N'Martha', NULL, N'Bailey', N'04 Apr 1850', N'31-Jan-11', N'14', N'6', N'N/A', N'In-Ground', NULL, NULL, 1)
INSERT INTO [dbo].[Deceased] ([Deceased_Id], [First_Name], [Middle_Name], [Last_Name], [Date_Of_Birth], [Date_Of_Death], [Row_Number], [Location_Within_Row], [Stone_Description], [Type_Of_Burial], [Marker_Text], [Marker_Symbols], [Cemetery_Id]) VALUES (4, N'G.P. Rev', NULL, N'Barnes', N'14 Jan 1864', N'20-Dec-34', N'9', N'3', N'N/A', N'In-Ground', NULL, NULL, 1)
INSERT INTO [dbo].[Deceased] ([Deceased_Id], [First_Name], [Middle_Name], [Last_Name], [Date_Of_Birth], [Date_Of_Death], [Row_Number], [Location_Within_Row], [Stone_Description], [Type_Of_Burial], [Marker_Text], [Marker_Symbols], [Cemetery_Id]) VALUES (5, N'Amanda', NULL, N'Bayless', N'28 Dec 1850', N'28-Nov-36', N'15', N'7', N'N/A', N'In-Ground', NULL, NULL, 1)
INSERT INTO [dbo].[Deceased] ([Deceased_Id], [First_Name], [Middle_Name], [Last_Name], [Date_Of_Birth], [Date_Of_Death], [Row_Number], [Location_Within_Row], [Stone_Description], [Type_Of_Burial], [Marker_Text], [Marker_Symbols], [Cemetery_Id]) VALUES (6, N'Comodore', NULL, N'Bayless', N'27 Mar 1849', N'18 May 1891', N'15', N'6', N'N/A', N'In-Ground', NULL, NULL, 1)
INSERT INTO [dbo].[Deceased] ([Deceased_Id], [First_Name], [Middle_Name], [Last_Name], [Date_Of_Birth], [Date_Of_Death], [Row_Number], [Location_Within_Row], [Stone_Description], [Type_Of_Burial], [Marker_Text], [Marker_Symbols], [Cemetery_Id]) VALUES (7, N'J[ames] Harrison', NULL, N'Bayless', N'1889', N'1929', N'15', N'8', N'N/A', N'In-Ground', NULL, NULL, 1)
INSERT INTO [dbo].[Deceased] ([Deceased_Id], [First_Name], [Middle_Name], [Last_Name], [Date_Of_Birth], [Date_Of_Death], [Row_Number], [Location_Within_Row], [Stone_Description], [Type_Of_Burial], [Marker_Text], [Marker_Symbols], [Cemetery_Id]) VALUES (8, N'Julia', NULL, N'Bayless', N'26 Feb 1885', N'16-Sep-39', N'15', N'10', N'N/A', N'In-Ground', NULL, NULL, 1)
INSERT INTO [dbo].[Deceased] ([Deceased_Id], [First_Name], [Middle_Name], [Last_Name], [Date_Of_Birth], [Date_Of_Death], [Row_Number], [Location_Within_Row], [Stone_Description], [Type_Of_Burial], [Marker_Text], [Marker_Symbols], [Cemetery_Id]) VALUES (9, N'Mary', NULL, N'Bayless', N'[1849]', N'20-May-13', N'10', N'10', N'N/A', N'In-Ground', NULL, NULL, 1)
INSERT INTO [dbo].[Deceased] ([Deceased_Id], [First_Name], [Middle_Name], [Last_Name], [Date_Of_Birth], [Date_Of_Death], [Row_Number], [Location_Within_Row], [Stone_Description], [Type_Of_Burial], [Marker_Text], [Marker_Symbols], [Cemetery_Id]) VALUES (10, N'Mary E.', NULL, N'Bayless', N'1888 [19 Sep 1885]', N'1922 [10 Dec 1922]', N'15', N'9', N'N/A', N'In-Ground', NULL, NULL, 1)
INSERT INTO [dbo].[Deceased] ([Deceased_Id], [First_Name], [Middle_Name], [Last_Name], [Date_Of_Birth], [Date_Of_Death], [Row_Number], [Location_Within_Row], [Stone_Description], [Type_Of_Burial], [Marker_Text], [Marker_Symbols], [Cemetery_Id]) VALUES (11, N'Large Marker', NULL, N'Birdwell', N'', N'', N'11', N'4', N'N/A', N'In-Ground', NULL, NULL, 1)
INSERT INTO [dbo].[Deceased] ([Deceased_Id], [First_Name], [Middle_Name], [Last_Name], [Date_Of_Birth], [Date_Of_Death], [Row_Number], [Location_Within_Row], [Stone_Description], [Type_Of_Burial], [Marker_Text], [Marker_Symbols], [Cemetery_Id]) VALUES (12, N'Margaret Edwards', NULL, N'Birdwell', N'04 Jul 1875', N'18-Sep-26', N'11', N'4', N'N/A', N'In-Ground', NULL, NULL, 1)
INSERT INTO [dbo].[Deceased] ([Deceased_Id], [First_Name], [Middle_Name], [Last_Name], [Date_Of_Birth], [Date_Of_Death], [Row_Number], [Location_Within_Row], [Stone_Description], [Type_Of_Burial], [Marker_Text], [Marker_Symbols], [Cemetery_Id]) VALUES (13, N'Marria [Mariah] Willard', NULL, N'Birdwell', N'03 [27]  Jun 1830', N'27-Oct-19', N'11', N'5', N'N/A', N'In-Ground', NULL, NULL, 1)
INSERT INTO [dbo].[Deceased] ([Deceased_Id], [First_Name], [Middle_Name], [Last_Name], [Date_Of_Birth], [Date_Of_Death], [Row_Number], [Location_Within_Row], [Stone_Description], [Type_Of_Burial], [Marker_Text], [Marker_Symbols], [Cemetery_Id]) VALUES (14, N'Wm A', NULL, N'Birdwell', N'03 Feb 1872', N'', N'11', N'3', N'N/A', N'In-Ground', NULL, NULL, 1)
INSERT INTO [dbo].[Deceased] ([Deceased_Id], [First_Name], [Middle_Name], [Last_Name], [Date_Of_Birth], [Date_Of_Death], [Row_Number], [Location_Within_Row], [Stone_Description], [Type_Of_Burial], [Marker_Text], [Marker_Symbols], [Cemetery_Id]) VALUES (15, N'Sarah', NULL, N'Blair', N'30 Nov 1851', N'11-Jan-13', N'12', N'15', N'N/A', N'In-Ground', NULL, NULL, 1)
INSERT INTO [dbo].[Deceased] ([Deceased_Id], [First_Name], [Middle_Name], [Last_Name], [Date_Of_Birth], [Date_Of_Death], [Row_Number], [Location_Within_Row], [Stone_Description], [Type_Of_Burial], [Marker_Text], [Marker_Symbols], [Cemetery_Id]) VALUES (16, N'Clarence W.', NULL, N'Bridwell', N'1921', N'1972', N'3', N'1', N'N/A', N'In-Ground', NULL, NULL, 1)
INSERT INTO [dbo].[Deceased] ([Deceased_Id], [First_Name], [Middle_Name], [Last_Name], [Date_Of_Birth], [Date_Of_Death], [Row_Number], [Location_Within_Row], [Stone_Description], [Type_Of_Burial], [Marker_Text], [Marker_Symbols], [Cemetery_Id]) VALUES (17, N'Frances J.', NULL, N'Bridwell', N'25 Mar 1884', N'27-Mar-18', N'8', N'5', N'N/A', N'In-Ground', NULL, NULL, 1)
INSERT INTO [dbo].[Deceased] ([Deceased_Id], [First_Name], [Middle_Name], [Last_Name], [Date_Of_Birth], [Date_Of_Death], [Row_Number], [Location_Within_Row], [Stone_Description], [Type_Of_Burial], [Marker_Text], [Marker_Symbols], [Cemetery_Id]) VALUES (18, N'James E.', NULL, N'Bridwell', N'1948', N'1995', N'3', N'2', N'N/A', N'In-Ground', NULL, NULL, 1)
INSERT INTO [dbo].[Deceased] ([Deceased_Id], [First_Name], [Middle_Name], [Last_Name], [Date_Of_Birth], [Date_Of_Death], [Row_Number], [Location_Within_Row], [Stone_Description], [Type_Of_Burial], [Marker_Text], [Marker_Symbols], [Cemetery_Id]) VALUES (19, N'James S.', NULL, N'Bridwell', N'25 Feb 1882', N'23-Feb-61', N'1', N'1', N'N/A', N'In-Ground', NULL, NULL, 1)
INSERT INTO [dbo].[Deceased] ([Deceased_Id], [First_Name], [Middle_Name], [Last_Name], [Date_Of_Birth], [Date_Of_Death], [Row_Number], [Location_Within_Row], [Stone_Description], [Type_Of_Burial], [Marker_Text], [Marker_Symbols], [Cemetery_Id]) VALUES (20, N'John Henry', NULL, N'Bridwell', N'08 May 1883', N'5-Dec-71', N'8', N'4', N'N/A', N'In-Ground', NULL, NULL, 1)
INSERT INTO [dbo].[Deceased] ([Deceased_Id], [First_Name], [Middle_Name], [Last_Name], [Date_Of_Birth], [Date_Of_Death], [Row_Number], [Location_Within_Row], [Stone_Description], [Type_Of_Burial], [Marker_Text], [Marker_Symbols], [Cemetery_Id]) VALUES (21, N'John Henry - Jr. ', NULL, N'Bridwell', N'1935', N'1942', N'5', N'2', N'N/A', N'In-Ground', NULL, NULL, 1)
INSERT INTO [dbo].[Deceased] ([Deceased_Id], [First_Name], [Middle_Name], [Last_Name], [Date_Of_Birth], [Date_Of_Death], [Row_Number], [Location_Within_Row], [Stone_Description], [Type_Of_Burial], [Marker_Text], [Marker_Symbols], [Cemetery_Id]) VALUES (22, N'Margaret Keebler', NULL, N'Bridwell', N'1897', N'1936', N'1', N'2', N'N/A', N'In-Ground', NULL, NULL, 1)
INSERT INTO [dbo].[Deceased] ([Deceased_Id], [First_Name], [Middle_Name], [Last_Name], [Date_Of_Birth], [Date_Of_Death], [Row_Number], [Location_Within_Row], [Stone_Description], [Type_Of_Burial], [Marker_Text], [Marker_Symbols], [Cemetery_Id]) VALUES (23, N'Mary F.', NULL, N'Bridwell', N'18-Feb-08', N'6-Feb-92', N'8', N'6', N'N/A', N'In-Ground', NULL, NULL, 1)
INSERT INTO [dbo].[Deceased] ([Deceased_Id], [First_Name], [Middle_Name], [Last_Name], [Date_Of_Birth], [Date_Of_Death], [Row_Number], [Location_Within_Row], [Stone_Description], [Type_Of_Burial], [Marker_Text], [Marker_Symbols], [Cemetery_Id]) VALUES (24, N'Opie Blair', NULL, N'Bridwell', N'07 Jun 1891', N'20-Jun-80', N'5', N'3', N'N/A', N'In-Ground', NULL, NULL, 1)
INSERT INTO [dbo].[Deceased] ([Deceased_Id], [First_Name], [Middle_Name], [Last_Name], [Date_Of_Birth], [Date_Of_Death], [Row_Number], [Location_Within_Row], [Stone_Description], [Type_Of_Burial], [Marker_Text], [Marker_Symbols], [Cemetery_Id]) VALUES (25, N'Walter Jay', NULL, N'Bridwell', N'18-Aug-21', N'19-May-57', N'9', N'1', N'N/A', N'In-Ground', NULL, NULL, 1)
INSERT INTO [dbo].[Deceased] ([Deceased_Id], [First_Name], [Middle_Name], [Last_Name], [Date_Of_Birth], [Date_Of_Death], [Row_Number], [Location_Within_Row], [Stone_Description], [Type_Of_Burial], [Marker_Text], [Marker_Symbols], [Cemetery_Id]) VALUES (26, N'Henry', NULL, N'Brigman', N'03 Oct 1849', N'15-Mar-22', N'7', N'4', N'N/A', N'In-Ground', NULL, NULL, 1)
INSERT INTO [dbo].[Deceased] ([Deceased_Id], [First_Name], [Middle_Name], [Last_Name], [Date_Of_Birth], [Date_Of_Death], [Row_Number], [Location_Within_Row], [Stone_Description], [Type_Of_Burial], [Marker_Text], [Marker_Symbols], [Cemetery_Id]) VALUES (27, N'Alfred', NULL, N'Brown', N'25 Dec 1858', N'22-Apr-25', N'12', N'2', N'N/A', N'In-Ground', NULL, NULL, 1)
INSERT INTO [dbo].[Deceased] ([Deceased_Id], [First_Name], [Middle_Name], [Last_Name], [Date_Of_Birth], [Date_Of_Death], [Row_Number], [Location_Within_Row], [Stone_Description], [Type_Of_Burial], [Marker_Text], [Marker_Symbols], [Cemetery_Id]) VALUES (28, N'Alfred &amp; Cordie', NULL, N'Brown', N'', N'', N'12', N'3', N'N/A', N'In-Ground', NULL, NULL, 1)
INSERT INTO [dbo].[Deceased] ([Deceased_Id], [First_Name], [Middle_Name], [Last_Name], [Date_Of_Birth], [Date_Of_Death], [Row_Number], [Location_Within_Row], [Stone_Description], [Type_Of_Burial], [Marker_Text], [Marker_Symbols], [Cemetery_Id]) VALUES (29, N'Cornelius [Jerome]', NULL, N'Brown', N'[31 Aug 1859]', N'[12 Apr 1944]', N'1', N'6', N'N/A', N'In-Ground', NULL, NULL, 1)
INSERT INTO [dbo].[Deceased] ([Deceased_Id], [First_Name], [Middle_Name], [Last_Name], [Date_Of_Birth], [Date_Of_Death], [Row_Number], [Location_Within_Row], [Stone_Description], [Type_Of_Burial], [Marker_Text], [Marker_Symbols], [Cemetery_Id]) VALUES (30, N'Ethel', NULL, N'Brown', N'8-Nov-08', N'16-May-71', N'15', N'11', N'N/A', N'In-Ground', NULL, NULL, 1)
INSERT INTO [dbo].[Deceased] ([Deceased_Id], [First_Name], [Middle_Name], [Last_Name], [Date_Of_Birth], [Date_Of_Death], [Row_Number], [Location_Within_Row], [Stone_Description], [Type_Of_Burial], [Marker_Text], [Marker_Symbols], [Cemetery_Id]) VALUES (31, N'Julia', NULL, N'Brown', N'25-Jun-16', N'30-Oct-21', N'12', N'6', N'N/A', N'In-Ground', NULL, NULL, 1)
INSERT INTO [dbo].[Deceased] ([Deceased_Id], [First_Name], [Middle_Name], [Last_Name], [Date_Of_Birth], [Date_Of_Death], [Row_Number], [Location_Within_Row], [Stone_Description], [Type_Of_Burial], [Marker_Text], [Marker_Symbols], [Cemetery_Id]) VALUES (32, N'L.D. - Jr. ', NULL, N'Brown', N'1934', N'1935', N'1', N'14', N'N/A', N'In-Ground', NULL, NULL, 1)
INSERT INTO [dbo].[Deceased] ([Deceased_Id], [First_Name], [Middle_Name], [Last_Name], [Date_Of_Birth], [Date_Of_Death], [Row_Number], [Location_Within_Row], [Stone_Description], [Type_Of_Burial], [Marker_Text], [Marker_Symbols], [Cemetery_Id]) VALUES (33, N'L.D. - Sr. ', NULL, N'Brown', N'1906', N'1987', N'1', N'12', N'N/A', N'In-Ground', NULL, NULL, 1)
INSERT INTO [dbo].[Deceased] ([Deceased_Id], [First_Name], [Middle_Name], [Last_Name], [Date_Of_Birth], [Date_Of_Death], [Row_Number], [Location_Within_Row], [Stone_Description], [Type_Of_Burial], [Marker_Text], [Marker_Symbols], [Cemetery_Id]) VALUES (34, N'Lizzie', NULL, N'Brown', N'16 Apr 1882', N'2-Jan-71', N'15', N'12', N'N/A', N'In-Ground', NULL, NULL, 1)
INSERT INTO [dbo].[Deceased] ([Deceased_Id], [First_Name], [Middle_Name], [Last_Name], [Date_Of_Birth], [Date_Of_Death], [Row_Number], [Location_Within_Row], [Stone_Description], [Type_Of_Burial], [Marker_Text], [Marker_Symbols], [Cemetery_Id]) VALUES (35, N'Lucile Birdwell', NULL, N'Brown', N'1910', N'1955', N'1', N'13', N'N/A', N'In-Ground', NULL, NULL, 1)
INSERT INTO [dbo].[Deceased] ([Deceased_Id], [First_Name], [Middle_Name], [Last_Name], [Date_Of_Birth], [Date_Of_Death], [Row_Number], [Location_Within_Row], [Stone_Description], [Type_Of_Burial], [Marker_Text], [Marker_Symbols], [Cemetery_Id]) VALUES (36, N'Luella', NULL, N'Brown', N'13 Nov 1890', N'17-Feb-40', N'1', N'4', N'N/A', N'In-Ground', NULL, NULL, 1)
INSERT INTO [dbo].[Deceased] ([Deceased_Id], [First_Name], [Middle_Name], [Last_Name], [Date_Of_Birth], [Date_Of_Death], [Row_Number], [Location_Within_Row], [Stone_Description], [Type_Of_Burial], [Marker_Text], [Marker_Symbols], [Cemetery_Id]) VALUES (37, N'Margaret Louise', NULL, N'Brown', N'27-Aug-25', N'9-Jan-10', N'8', N'3', N'N/A', N'In-Ground', NULL, NULL, 1)
INSERT INTO [dbo].[Deceased] ([Deceased_Id], [First_Name], [Middle_Name], [Last_Name], [Date_Of_Birth], [Date_Of_Death], [Row_Number], [Location_Within_Row], [Stone_Description], [Type_Of_Burial], [Marker_Text], [Marker_Symbols], [Cemetery_Id]) VALUES (38, N'Melissa [Dickson]', NULL, N'Brown', N'[03 ? 1862]', N'[29 Jun 1944]', N'1', N'5', N'N/A', N'In-Ground', NULL, NULL, 1)
INSERT INTO [dbo].[Deceased] ([Deceased_Id], [First_Name], [Middle_Name], [Last_Name], [Date_Of_Birth], [Date_Of_Death], [Row_Number], [Location_Within_Row], [Stone_Description], [Type_Of_Burial], [Marker_Text], [Marker_Symbols], [Cemetery_Id]) VALUES (39, N'Pearle E.', NULL, N'Brown', N'3-Aug-04', N'5-Aug-19', N'12', N'4', N'N/A', N'In-Ground', NULL, NULL, 1)
INSERT INTO [dbo].[Deceased] ([Deceased_Id], [First_Name], [Middle_Name], [Last_Name], [Date_Of_Birth], [Date_Of_Death], [Row_Number], [Location_Within_Row], [Stone_Description], [Type_Of_Burial], [Marker_Text], [Marker_Symbols], [Cemetery_Id]) VALUES (40, N'William', NULL, N'Brown', N'30-Jul-19', N'17-May-22', N'12', N'5', N'N/A', N'In-Ground', NULL, NULL, 1)
INSERT INTO [dbo].[Deceased] ([Deceased_Id], [First_Name], [Middle_Name], [Last_Name], [Date_Of_Birth], [Date_Of_Death], [Row_Number], [Location_Within_Row], [Stone_Description], [Type_Of_Burial], [Marker_Text], [Marker_Symbols], [Cemetery_Id]) VALUES (41, N'Landon', NULL, N'Burdell', N'[1878]', N'17 May 1891', N'17', N'9', N'N/A', N'In-Ground', NULL, NULL, 1)
INSERT INTO [dbo].[Deceased] ([Deceased_Id], [First_Name], [Middle_Name], [Last_Name], [Date_Of_Birth], [Date_Of_Death], [Row_Number], [Location_Within_Row], [Stone_Description], [Type_Of_Burial], [Marker_Text], [Marker_Symbols], [Cemetery_Id]) VALUES (42, N'Louise', NULL, N'Cannon', N'[?] Mar 1922', N'15-Dec-22', N'10', N'7', N'N/A', N'In-Ground', NULL, NULL, 1)
INSERT INTO [dbo].[Deceased] ([Deceased_Id], [First_Name], [Middle_Name], [Last_Name], [Date_Of_Birth], [Date_Of_Death], [Row_Number], [Location_Within_Row], [Stone_Description], [Type_Of_Burial], [Marker_Text], [Marker_Symbols], [Cemetery_Id]) VALUES (43, N'Julia Ann', NULL, N'Cecil', N'[1834]', N'13 Feb 1894', N'13', N'2', N'N/A', N'In-Ground', NULL, NULL, 1)
INSERT INTO [dbo].[Deceased] ([Deceased_Id], [First_Name], [Middle_Name], [Last_Name], [Date_Of_Birth], [Date_Of_Death], [Row_Number], [Location_Within_Row], [Stone_Description], [Type_Of_Burial], [Marker_Text], [Marker_Symbols], [Cemetery_Id]) VALUES (44, N'Nancy Grimes', NULL, N'Cecil', N'11 Aug 1872', N'19-Mar-48', N'13', N'4', N'N/A', N'In-Ground', NULL, NULL, 1)
INSERT INTO [dbo].[Deceased] ([Deceased_Id], [First_Name], [Middle_Name], [Last_Name], [Date_Of_Birth], [Date_Of_Death], [Row_Number], [Location_Within_Row], [Stone_Description], [Type_Of_Burial], [Marker_Text], [Marker_Symbols], [Cemetery_Id]) VALUES (45, N'William', NULL, N'Cecil', N'04 Sep 1868', N'9-Aug-27', N'13', N'3', N'N/A', N'In-Ground', NULL, NULL, 1)
INSERT INTO [dbo].[Deceased] ([Deceased_Id], [First_Name], [Middle_Name], [Last_Name], [Date_Of_Birth], [Date_Of_Death], [Row_Number], [Location_Within_Row], [Stone_Description], [Type_Of_Burial], [Marker_Text], [Marker_Symbols], [Cemetery_Id]) VALUES (46, N'Charles C. - Jr. ', NULL, N'Crawford', N'24-Feb-05', N'27-Sep-19', N'12', N'18', N'N/A', N'In-Ground', NULL, NULL, 1)
INSERT INTO [dbo].[Deceased] ([Deceased_Id], [First_Name], [Middle_Name], [Last_Name], [Date_Of_Birth], [Date_Of_Death], [Row_Number], [Location_Within_Row], [Stone_Description], [Type_Of_Burial], [Marker_Text], [Marker_Symbols], [Cemetery_Id]) VALUES (47, N'Etta (Henrietta)', NULL, N'Crawford', N'27 Nov 1891', N'22-Jan-18', N'12', N'19', N'N/A', N'In-Ground', NULL, NULL, 1)
INSERT INTO [dbo].[Deceased] ([Deceased_Id], [First_Name], [Middle_Name], [Last_Name], [Date_Of_Birth], [Date_Of_Death], [Row_Number], [Location_Within_Row], [Stone_Description], [Type_Of_Burial], [Marker_Text], [Marker_Symbols], [Cemetery_Id]) VALUES (48, N'Agnes', NULL, N'Dean', N'25 Dec 1883', N'11-Jun-59', N'6', N'1', N'N/A', N'In-Ground', NULL, NULL, 1)
INSERT INTO [dbo].[Deceased] ([Deceased_Id], [First_Name], [Middle_Name], [Last_Name], [Date_Of_Birth], [Date_Of_Death], [Row_Number], [Location_Within_Row], [Stone_Description], [Type_Of_Burial], [Marker_Text], [Marker_Symbols], [Cemetery_Id]) VALUES (49, N'Arthur', NULL, N'Dean', N'14 Apr 1855', N'14-Feb-34', N'6', N'2', N'N/A', N'In-Ground', NULL, NULL, 1)
INSERT INTO [dbo].[Deceased] ([Deceased_Id], [First_Name], [Middle_Name], [Last_Name], [Date_Of_Birth], [Date_Of_Death], [Row_Number], [Location_Within_Row], [Stone_Description], [Type_Of_Burial], [Marker_Text], [Marker_Symbols], [Cemetery_Id]) VALUES (50, N'Jerry', NULL, N'Edwards', N'', N'', N'16', N'2', N'N/A', N'In-Ground', NULL, NULL, 1)
INSERT INTO [dbo].[Deceased] ([Deceased_Id], [First_Name], [Middle_Name], [Last_Name], [Date_Of_Birth], [Date_Of_Death], [Row_Number], [Location_Within_Row], [Stone_Description], [Type_Of_Burial], [Marker_Text], [Marker_Symbols], [Cemetery_Id]) VALUES (51, N'Kenneth', NULL, N'Evans', N'26-Nov-39', N'28-Jan-95', N'18', N'7', N'N/A', N'In-Ground', NULL, NULL, 1)
INSERT INTO [dbo].[Deceased] ([Deceased_Id], [First_Name], [Middle_Name], [Last_Name], [Date_Of_Birth], [Date_Of_Death], [Row_Number], [Location_Within_Row], [Stone_Description], [Type_Of_Burial], [Marker_Text], [Marker_Symbols], [Cemetery_Id]) VALUES (52, N'Johanna', NULL, N'Ford', N'[1880]', N'23 Dec 1899', N'11', N'9', N'N/A', N'In-Ground', NULL, NULL, 1)
INSERT INTO [dbo].[Deceased] ([Deceased_Id], [First_Name], [Middle_Name], [Last_Name], [Date_Of_Birth], [Date_Of_Death], [Row_Number], [Location_Within_Row], [Stone_Description], [Type_Of_Burial], [Marker_Text], [Marker_Symbols], [Cemetery_Id]) VALUES (53, N'Lucinda', NULL, N'Ford', N'25 Dec 1853', N'5-Mar-06', N'11', N'8', N'N/A', N'In-Ground', NULL, NULL, 1)
INSERT INTO [dbo].[Deceased] ([Deceased_Id], [First_Name], [Middle_Name], [Last_Name], [Date_Of_Birth], [Date_Of_Death], [Row_Number], [Location_Within_Row], [Stone_Description], [Type_Of_Burial], [Marker_Text], [Marker_Symbols], [Cemetery_Id]) VALUES (54, N'Spencer C.', NULL, N'Ford', N'04 Mar 1883', N'24-Dec-06', N'11', N'10', N'N/A', N'In-Ground', NULL, NULL, 1)
INSERT INTO [dbo].[Deceased] ([Deceased_Id], [First_Name], [Middle_Name], [Last_Name], [Date_Of_Birth], [Date_Of_Death], [Row_Number], [Location_Within_Row], [Stone_Description], [Type_Of_Burial], [Marker_Text], [Marker_Symbols], [Cemetery_Id]) VALUES (55, N'Edna', NULL, N'Freeze', N'25-Dec-10', N'30-Jun-95', N'11', N'7', N'N/A', N'In-Ground', NULL, NULL, 1)
INSERT INTO [dbo].[Deceased] ([Deceased_Id], [First_Name], [Middle_Name], [Last_Name], [Date_Of_Birth], [Date_Of_Death], [Row_Number], [Location_Within_Row], [Stone_Description], [Type_Of_Burial], [Marker_Text], [Marker_Symbols], [Cemetery_Id]) VALUES (56, N'Ella Ford', NULL, N'Freeze', N'25 Dec 1880', N'13-Apr-47', N'11', N'6', N'N/A', N'In-Ground', NULL, NULL, 1)
INSERT INTO [dbo].[Deceased] ([Deceased_Id], [First_Name], [Middle_Name], [Last_Name], [Date_Of_Birth], [Date_Of_Death], [Row_Number], [Location_Within_Row], [Stone_Description], [Type_Of_Burial], [Marker_Text], [Marker_Symbols], [Cemetery_Id]) VALUES (57, N'Augusta W.', NULL, N'Gay', N'1895', N'1941', N'1', N'10', N'N/A', N'In-Ground', NULL, NULL, 1)
INSERT INTO [dbo].[Deceased] ([Deceased_Id], [First_Name], [Middle_Name], [Last_Name], [Date_Of_Birth], [Date_Of_Death], [Row_Number], [Location_Within_Row], [Stone_Description], [Type_Of_Burial], [Marker_Text], [Marker_Symbols], [Cemetery_Id]) VALUES (58, N'George Hurdle', NULL, N'Gay', N'1914', N'1979', N'1', N'8', N'N/A', N'In-Ground', NULL, NULL, 1)
INSERT INTO [dbo].[Deceased] ([Deceased_Id], [First_Name], [Middle_Name], [Last_Name], [Date_Of_Birth], [Date_Of_Death], [Row_Number], [Location_Within_Row], [Stone_Description], [Type_Of_Burial], [Marker_Text], [Marker_Symbols], [Cemetery_Id]) VALUES (59, N'Samuel M.', NULL, N'Gay', N'1883', N'1950', N'1', N'9', N'N/A', N'In-Ground', NULL, NULL, 1)
INSERT INTO [dbo].[Deceased] ([Deceased_Id], [First_Name], [Middle_Name], [Last_Name], [Date_Of_Birth], [Date_Of_Death], [Row_Number], [Location_Within_Row], [Stone_Description], [Type_Of_Burial], [Marker_Text], [Marker_Symbols], [Cemetery_Id]) VALUES (60, N'Anthony [Toney]', NULL, N'Gott', N'[14 Jan 1845] 1844', N'[17 Jul] 1918', N'13', N'6', N'N/A', N'In-Ground', NULL, NULL, 1)
INSERT INTO [dbo].[Deceased] ([Deceased_Id], [First_Name], [Middle_Name], [Last_Name], [Date_Of_Birth], [Date_Of_Death], [Row_Number], [Location_Within_Row], [Stone_Description], [Type_Of_Burial], [Marker_Text], [Marker_Symbols], [Cemetery_Id]) VALUES (61, N'Jane', NULL, N'Gott', N'1851', N'1901', N'13', N'5', N'N/A', N'In-Ground', NULL, NULL, 1)
INSERT INTO [dbo].[Deceased] ([Deceased_Id], [First_Name], [Middle_Name], [Last_Name], [Date_Of_Birth], [Date_Of_Death], [Row_Number], [Location_Within_Row], [Stone_Description], [Type_Of_Burial], [Marker_Text], [Marker_Symbols], [Cemetery_Id]) VALUES (62, N'Katherine', NULL, N'Greenlee', N'1915', N'2004', N'2', N'2', N'N/A', N'In-Ground', NULL, NULL, 1)
INSERT INTO [dbo].[Deceased] ([Deceased_Id], [First_Name], [Middle_Name], [Last_Name], [Date_Of_Birth], [Date_Of_Death], [Row_Number], [Location_Within_Row], [Stone_Description], [Type_Of_Burial], [Marker_Text], [Marker_Symbols], [Cemetery_Id]) VALUES (63, N'Nellie', NULL, N'Greenlee', N'[1881]', N'05 Mar 1897', N'17', N'8', N'N/A', N'In-Ground', NULL, NULL, 1)
INSERT INTO [dbo].[Deceased] ([Deceased_Id], [First_Name], [Middle_Name], [Last_Name], [Date_Of_Birth], [Date_Of_Death], [Row_Number], [Location_Within_Row], [Stone_Description], [Type_Of_Burial], [Marker_Text], [Marker_Symbols], [Cemetery_Id]) VALUES (64, N'William Arlie', NULL, N'Greenlee', N'1916', N'1971', N'2', N'1', N'N/A', N'In-Ground', NULL, NULL, 1)
INSERT INTO [dbo].[Deceased] ([Deceased_Id], [First_Name], [Middle_Name], [Last_Name], [Date_Of_Birth], [Date_Of_Death], [Row_Number], [Location_Within_Row], [Stone_Description], [Type_Of_Burial], [Marker_Text], [Marker_Symbols], [Cemetery_Id]) VALUES (65, N'Fannie S', NULL, N'Grigg', N'26 Jan 1885', N'11-Jan-37', N'7', N'3', N'N/A', N'In-Ground', NULL, NULL, 1)
INSERT INTO [dbo].[Deceased] ([Deceased_Id], [First_Name], [Middle_Name], [Last_Name], [Date_Of_Birth], [Date_Of_Death], [Row_Number], [Location_Within_Row], [Stone_Description], [Type_Of_Burial], [Marker_Text], [Marker_Symbols], [Cemetery_Id]) VALUES (66, N'Allen', NULL, N'Grimes', N'[1824]', N'11-Apr-02', N'12', N'11', N'N/A', N'In-Ground', NULL, NULL, 1)
INSERT INTO [dbo].[Deceased] ([Deceased_Id], [First_Name], [Middle_Name], [Last_Name], [Date_Of_Birth], [Date_Of_Death], [Row_Number], [Location_Within_Row], [Stone_Description], [Type_Of_Burial], [Marker_Text], [Marker_Symbols], [Cemetery_Id]) VALUES (67, N'Eugenia S.', NULL, N'Grimes', N'10 Oct 1876', N'26-May-55', N'12', N'8', N'N/A', N'In-Ground', NULL, NULL, 1)
INSERT INTO [dbo].[Deceased] ([Deceased_Id], [First_Name], [Middle_Name], [Last_Name], [Date_Of_Birth], [Date_Of_Death], [Row_Number], [Location_Within_Row], [Stone_Description], [Type_Of_Burial], [Marker_Text], [Marker_Symbols], [Cemetery_Id]) VALUES (68, N'Harriet', NULL, N'Grimes', N'[1836]', N'21-Oct-16', N'15', N'NA', N'N/A', N'In-Ground', NULL, NULL, 1)
INSERT INTO [dbo].[Deceased] ([Deceased_Id], [First_Name], [Middle_Name], [Last_Name], [Date_Of_Birth], [Date_Of_Death], [Row_Number], [Location_Within_Row], [Stone_Description], [Type_Of_Burial], [Marker_Text], [Marker_Symbols], [Cemetery_Id]) VALUES (69, N'James', NULL, N'Grimes', N'[1836]', N'10-Nov-13', N'12', N'10', N'N/A', N'In-Ground', NULL, NULL, 1)
INSERT INTO [dbo].[Deceased] ([Deceased_Id], [First_Name], [Middle_Name], [Last_Name], [Date_Of_Birth], [Date_Of_Death], [Row_Number], [Location_Within_Row], [Stone_Description], [Type_Of_Burial], [Marker_Text], [Marker_Symbols], [Cemetery_Id]) VALUES (70, N'Sarah Ann', NULL, N'Grimes', N'03 Aug 1839', N'09 Apr 1893', N'12', N'9', N'N/A', N'In-Ground', NULL, NULL, 1)
INSERT INTO [dbo].[Deceased] ([Deceased_Id], [First_Name], [Middle_Name], [Last_Name], [Date_Of_Birth], [Date_Of_Death], [Row_Number], [Location_Within_Row], [Stone_Description], [Type_Of_Burial], [Marker_Text], [Marker_Symbols], [Cemetery_Id]) VALUES (71, N'Lamon', NULL, N'Hale', N'', N'21 Aug 1892', N'15', N'1', N'N/A', N'In-Ground', NULL, NULL, 1)
INSERT INTO [dbo].[Deceased] ([Deceased_Id], [First_Name], [Middle_Name], [Last_Name], [Date_Of_Birth], [Date_Of_Death], [Row_Number], [Location_Within_Row], [Stone_Description], [Type_Of_Burial], [Marker_Text], [Marker_Symbols], [Cemetery_Id]) VALUES (72, N'Charlie H.', NULL, N'Hammer', N'8-Jul-09', N'19-Feb-11', N'12', N'7', N'N/A', N'In-Ground', NULL, NULL, 1)
INSERT INTO [dbo].[Deceased] ([Deceased_Id], [First_Name], [Middle_Name], [Last_Name], [Date_Of_Birth], [Date_Of_Death], [Row_Number], [Location_Within_Row], [Stone_Description], [Type_Of_Burial], [Marker_Text], [Marker_Symbols], [Cemetery_Id]) VALUES (73, N'Hattie M.', NULL, N'Hill', N'1913', N'2008', N'15', N'2', N'N/A', N'In-Ground', NULL, NULL, 1)
INSERT INTO [dbo].[Deceased] ([Deceased_Id], [First_Name], [Middle_Name], [Last_Name], [Date_Of_Birth], [Date_Of_Death], [Row_Number], [Location_Within_Row], [Stone_Description], [Type_Of_Burial], [Marker_Text], [Marker_Symbols], [Cemetery_Id]) VALUES (74, N'Homer', NULL, N'Hill', N'1913', N'1984', N'15', N'3', N'N/A', N'In-Ground', NULL, NULL, 1)
INSERT INTO [dbo].[Deceased] ([Deceased_Id], [First_Name], [Middle_Name], [Last_Name], [Date_Of_Birth], [Date_Of_Death], [Row_Number], [Location_Within_Row], [Stone_Description], [Type_Of_Burial], [Marker_Text], [Marker_Symbols], [Cemetery_Id]) VALUES (75, N'Arthur C[lyde]', NULL, N'Horton', N'1909', N'1977', N'20', N'1', N'N/A', N'In-Ground', NULL, NULL, 1)
INSERT INTO [dbo].[Deceased] ([Deceased_Id], [First_Name], [Middle_Name], [Last_Name], [Date_Of_Birth], [Date_Of_Death], [Row_Number], [Location_Within_Row], [Stone_Description], [Type_Of_Burial], [Marker_Text], [Marker_Symbols], [Cemetery_Id]) VALUES (76, N'Orville M[emphis] - Sr. ', NULL, N'Horton', N'1906', N'1977', N'21', N'1', N'N/A', N'In-Ground', NULL, NULL, 1)
INSERT INTO [dbo].[Deceased] ([Deceased_Id], [First_Name], [Middle_Name], [Last_Name], [Date_Of_Birth], [Date_Of_Death], [Row_Number], [Location_Within_Row], [Stone_Description], [Type_Of_Burial], [Marker_Text], [Marker_Symbols], [Cemetery_Id]) VALUES (77, N'Hattie Helen', NULL, N'Howard', N'18 May 1885', N'5-Dec-73', N'1', N'16', N'N/A', N'In-Ground', NULL, NULL, 1)
INSERT INTO [dbo].[Deceased] ([Deceased_Id], [First_Name], [Middle_Name], [Last_Name], [Date_Of_Birth], [Date_Of_Death], [Row_Number], [Location_Within_Row], [Stone_Description], [Type_Of_Burial], [Marker_Text], [Marker_Symbols], [Cemetery_Id]) VALUES (78, N'John D.', NULL, N'Howard', N'[17 Jul 1911]', N'[20 Feb 1999]', N'18', N'6', N'N/A', N'In-Ground', NULL, NULL, 1)
INSERT INTO [dbo].[Deceased] ([Deceased_Id], [First_Name], [Middle_Name], [Last_Name], [Date_Of_Birth], [Date_Of_Death], [Row_Number], [Location_Within_Row], [Stone_Description], [Type_Of_Burial], [Marker_Text], [Marker_Symbols], [Cemetery_Id]) VALUES (79, N'Thomas H. Rev', NULL, N'Howard', N'1880', N'28-Nov-28', N'1', N'15', N'N/A', N'In-Ground', NULL, NULL, 1)
INSERT INTO [dbo].[Deceased] ([Deceased_Id], [First_Name], [Middle_Name], [Last_Name], [Date_Of_Birth], [Date_Of_Death], [Row_Number], [Location_Within_Row], [Stone_Description], [Type_Of_Burial], [Marker_Text], [Marker_Symbols], [Cemetery_Id]) VALUES (80, N'Bessie K.', NULL, N'Hughes', N'1904', N'1936', N'1', N'3', N'N/A', N'In-Ground', NULL, NULL, 1)
INSERT INTO [dbo].[Deceased] ([Deceased_Id], [First_Name], [Middle_Name], [Last_Name], [Date_Of_Birth], [Date_Of_Death], [Row_Number], [Location_Within_Row], [Stone_Description], [Type_Of_Burial], [Marker_Text], [Marker_Symbols], [Cemetery_Id]) VALUES (81, N'Samuel', NULL, N'Hunt', N'1832', N'1886', N'13', N'9', N'N/A', N'In-Ground', NULL, NULL, 1)
INSERT INTO [dbo].[Deceased] ([Deceased_Id], [First_Name], [Middle_Name], [Last_Name], [Date_Of_Birth], [Date_Of_Death], [Row_Number], [Location_Within_Row], [Stone_Description], [Type_Of_Burial], [Marker_Text], [Marker_Symbols], [Cemetery_Id]) VALUES (82, N'[Family Marker]', NULL, N'Irvin', N'', N'', N'16', N'4', N'N/A', N'In-Ground', NULL, NULL, 1)
INSERT INTO [dbo].[Deceased] ([Deceased_Id], [First_Name], [Middle_Name], [Last_Name], [Date_Of_Birth], [Date_Of_Death], [Row_Number], [Location_Within_Row], [Stone_Description], [Type_Of_Burial], [Marker_Text], [Marker_Symbols], [Cemetery_Id]) VALUES (83, N'Alfred', NULL, N'Irvin', N'', N'', N'16', N'3', N'N/A', N'In-Ground', NULL, NULL, 1)
INSERT INTO [dbo].[Deceased] ([Deceased_Id], [First_Name], [Middle_Name], [Last_Name], [Date_Of_Birth], [Date_Of_Death], [Row_Number], [Location_Within_Row], [Stone_Description], [Type_Of_Burial], [Marker_Text], [Marker_Symbols], [Cemetery_Id]) VALUES (84, N'Mary', NULL, N'Irvin', N'7/6/1861', N'20-Feb-14', N'16', N'5', N'N/A', N'In-Ground', NULL, NULL, 1)
INSERT INTO [dbo].[Deceased] ([Deceased_Id], [First_Name], [Middle_Name], [Last_Name], [Date_Of_Birth], [Date_Of_Death], [Row_Number], [Location_Within_Row], [Stone_Description], [Type_Of_Burial], [Marker_Text], [Marker_Symbols], [Cemetery_Id]) VALUES (85, N'Lucinda', NULL, N'Jackson', N'9/26/1843', N'27 Jun 1898', N'17', N'5', N'N/A', N'In-Ground', NULL, NULL, 1)
INSERT INTO [dbo].[Deceased] ([Deceased_Id], [First_Name], [Middle_Name], [Last_Name], [Date_Of_Birth], [Date_Of_Death], [Row_Number], [Location_Within_Row], [Stone_Description], [Type_Of_Burial], [Marker_Text], [Marker_Symbols], [Cemetery_Id]) VALUES (86, N'George Rusty', NULL, N'Johnson', N'1955', N'2013', N'8', N'1', N'N/A', N'In-Ground', NULL, NULL, 1)
INSERT INTO [dbo].[Deceased] ([Deceased_Id], [First_Name], [Middle_Name], [Last_Name], [Date_Of_Birth], [Date_Of_Death], [Row_Number], [Location_Within_Row], [Stone_Description], [Type_Of_Burial], [Marker_Text], [Marker_Symbols], [Cemetery_Id]) VALUES (87, N'Goldie', NULL, N'Johnson', N'1931', N'2012', N'8', N'2', N'N/A', N'In-Ground', NULL, NULL, 1)
INSERT INTO [dbo].[Deceased] ([Deceased_Id], [First_Name], [Middle_Name], [Last_Name], [Date_Of_Birth], [Date_Of_Death], [Row_Number], [Location_Within_Row], [Stone_Description], [Type_Of_Burial], [Marker_Text], [Marker_Symbols], [Cemetery_Id]) VALUES (88, N'Lena W.', NULL, N'Johnson', N'26 May 1886', N'27-Dec-55', N'10', N'3', N'N/A', N'In-Ground', NULL, NULL, 1)
INSERT INTO [dbo].[Deceased] ([Deceased_Id], [First_Name], [Middle_Name], [Last_Name], [Date_Of_Birth], [Date_Of_Death], [Row_Number], [Location_Within_Row], [Stone_Description], [Type_Of_Burial], [Marker_Text], [Marker_Symbols], [Cemetery_Id]) VALUES (89, N'Mary E.', NULL, N'Johnson', N'1856', N'1943', N'4', N'4', N'N/A', N'In-Ground', NULL, NULL, 1)
INSERT INTO [dbo].[Deceased] ([Deceased_Id], [First_Name], [Middle_Name], [Last_Name], [Date_Of_Birth], [Date_Of_Death], [Row_Number], [Location_Within_Row], [Stone_Description], [Type_Of_Burial], [Marker_Text], [Marker_Symbols], [Cemetery_Id]) VALUES (90, N'Monroe A.', NULL, N'Johnson', N'24 May 1884', N'', N'10', N'2A', N'N/A', N'In-Ground', NULL, NULL, 1)
INSERT INTO [dbo].[Deceased] ([Deceased_Id], [First_Name], [Middle_Name], [Last_Name], [Date_Of_Birth], [Date_Of_Death], [Row_Number], [Location_Within_Row], [Stone_Description], [Type_Of_Burial], [Marker_Text], [Marker_Symbols], [Cemetery_Id]) VALUES (91, N'Robert M.', NULL, N'Johnson', N'14-Sep-15', N'12-Dec-54', N'6', N'3', N'N/A', N'In-Ground', NULL, NULL, 1)
INSERT INTO [dbo].[Deceased] ([Deceased_Id], [First_Name], [Middle_Name], [Last_Name], [Date_Of_Birth], [Date_Of_Death], [Row_Number], [Location_Within_Row], [Stone_Description], [Type_Of_Burial], [Marker_Text], [Marker_Symbols], [Cemetery_Id]) VALUES (92, N'Margaret E.', NULL, N'Jones', N'21-Aug-26', N'29-Nov-79', N'19', N'1', N'N/A', N'In-Ground', NULL, NULL, 1)
INSERT INTO [dbo].[Deceased] ([Deceased_Id], [First_Name], [Middle_Name], [Last_Name], [Date_Of_Birth], [Date_Of_Death], [Row_Number], [Location_Within_Row], [Stone_Description], [Type_Of_Burial], [Marker_Text], [Marker_Symbols], [Cemetery_Id]) VALUES (93, N'William', NULL, N'Keebler', N'1889', N'1952', N'17', N'3', N'N/A', N'In-Ground', NULL, NULL, 1)
INSERT INTO [dbo].[Deceased] ([Deceased_Id], [First_Name], [Middle_Name], [Last_Name], [Date_Of_Birth], [Date_Of_Death], [Row_Number], [Location_Within_Row], [Stone_Description], [Type_Of_Burial], [Marker_Text], [Marker_Symbols], [Cemetery_Id]) VALUES (94, N'Vertie', NULL, N'Keebler', N'1888', N'1924', N'17', N'2', N'N/A', N'In-Ground', NULL, NULL, 1)
INSERT INTO [dbo].[Deceased] ([Deceased_Id], [First_Name], [Middle_Name], [Last_Name], [Date_Of_Birth], [Date_Of_Death], [Row_Number], [Location_Within_Row], [Stone_Description], [Type_Of_Burial], [Marker_Text], [Marker_Symbols], [Cemetery_Id]) VALUES (95, N'Katie', NULL, N'Lee', N'1881', N'1957', N'8', N'4', N'N/A', N'In-Ground', NULL, NULL, 1)
INSERT INTO [dbo].[Deceased] ([Deceased_Id], [First_Name], [Middle_Name], [Last_Name], [Date_Of_Birth], [Date_Of_Death], [Row_Number], [Location_Within_Row], [Stone_Description], [Type_Of_Burial], [Marker_Text], [Marker_Symbols], [Cemetery_Id]) VALUES (96, N'Andrew J.', NULL, N'Marshall', N'29 Sep 1882', N'1931', N'4', N'1', N'N/A', N'In-Ground', NULL, NULL, 1)
INSERT INTO [dbo].[Deceased] ([Deceased_Id], [First_Name], [Middle_Name], [Last_Name], [Date_Of_Birth], [Date_Of_Death], [Row_Number], [Location_Within_Row], [Stone_Description], [Type_Of_Burial], [Marker_Text], [Marker_Symbols], [Cemetery_Id]) VALUES (97, N'Charles D.', NULL, N'Marshall', N'04 Apr 1880', N'22-Feb-30', N'10', N'10', N'N/A', N'In-Ground', NULL, NULL, 1)
INSERT INTO [dbo].[Deceased] ([Deceased_Id], [First_Name], [Middle_Name], [Last_Name], [Date_Of_Birth], [Date_Of_Death], [Row_Number], [Location_Within_Row], [Stone_Description], [Type_Of_Burial], [Marker_Text], [Marker_Symbols], [Cemetery_Id]) VALUES (98, N'Maude G.', NULL, N'Marshall', N'09 Feb 1889', N'6-Dec-62', N'4', N'2', N'N/A', N'In-Ground', NULL, NULL, 1)
INSERT INTO [dbo].[Deceased] ([Deceased_Id], [First_Name], [Middle_Name], [Last_Name], [Date_Of_Birth], [Date_Of_Death], [Row_Number], [Location_Within_Row], [Stone_Description], [Type_Of_Burial], [Marker_Text], [Marker_Symbols], [Cemetery_Id]) VALUES (99, N'Winfield', NULL, N'Marshall', N'', N'', N'15', N'5', N'N/A', N'In-Ground', NULL, NULL, 1)
INSERT INTO [dbo].[Deceased] ([Deceased_Id], [First_Name], [Middle_Name], [Last_Name], [Date_Of_Birth], [Date_Of_Death], [Row_Number], [Location_Within_Row], [Stone_Description], [Type_Of_Burial], [Marker_Text], [Marker_Symbols], [Cemetery_Id]) VALUES (100, N'W.P. Family Mkr', NULL, N'Martin', N'', N'', N'12', N'1', N'N/A', N'In-Ground', NULL, NULL, 1)
INSERT INTO [dbo].[Deceased] ([Deceased_Id], [First_Name], [Middle_Name], [Last_Name], [Date_Of_Birth], [Date_Of_Death], [Row_Number], [Location_Within_Row], [Stone_Description], [Type_Of_Burial], [Marker_Text], [Marker_Symbols], [Cemetery_Id]) VALUES (101, N'W.P. Rev', NULL, N'Martin', N'1874', N'1925', N'12', N'1', N'N/A', N'In-Ground', NULL, NULL, 1)
INSERT INTO [dbo].[Deceased] ([Deceased_Id], [First_Name], [Middle_Name], [Last_Name], [Date_Of_Birth], [Date_Of_Death], [Row_Number], [Location_Within_Row], [Stone_Description], [Type_Of_Burial], [Marker_Text], [Marker_Symbols], [Cemetery_Id]) VALUES (102, N'Cornelius', NULL, N'Miller', N'1883', N'1941', N'13', N'8', N'N/A', N'In-Ground', NULL, NULL, 1)
INSERT INTO [dbo].[Deceased] ([Deceased_Id], [First_Name], [Middle_Name], [Last_Name], [Date_Of_Birth], [Date_Of_Death], [Row_Number], [Location_Within_Row], [Stone_Description], [Type_Of_Burial], [Marker_Text], [Marker_Symbols], [Cemetery_Id]) VALUES (103, N'Jerry', NULL, N'Miller', N'16 Mar 1842', N'10-Aug-13', N'13', N'7', N'N/A', N'In-Ground', NULL, NULL, 1)
INSERT INTO [dbo].[Deceased] ([Deceased_Id], [First_Name], [Middle_Name], [Last_Name], [Date_Of_Birth], [Date_Of_Death], [Row_Number], [Location_Within_Row], [Stone_Description], [Type_Of_Burial], [Marker_Text], [Marker_Symbols], [Cemetery_Id]) VALUES (104, N'Sandy W.', NULL, N'Pearson', N'', N'', N'6', N'4', N'N/A', N'In-Ground', NULL, NULL, 1)
INSERT INTO [dbo].[Deceased] ([Deceased_Id], [First_Name], [Middle_Name], [Last_Name], [Date_Of_Birth], [Date_Of_Death], [Row_Number], [Location_Within_Row], [Stone_Description], [Type_Of_Burial], [Marker_Text], [Marker_Symbols], [Cemetery_Id]) VALUES (105, N'Dock', NULL, N'Perry', N'15 Dec 1880', N'6-Apr-17', N'10', N'6', N'N/A', N'In-Ground', NULL, NULL, 1)
INSERT INTO [dbo].[Deceased] ([Deceased_Id], [First_Name], [Middle_Name], [Last_Name], [Date_Of_Birth], [Date_Of_Death], [Row_Number], [Location_Within_Row], [Stone_Description], [Type_Of_Burial], [Marker_Text], [Marker_Symbols], [Cemetery_Id]) VALUES (106, N'Maude', NULL, N'Price', N'', N'', N'12', N'13', N'N/A', N'In-Ground', NULL, NULL, 1)
INSERT INTO [dbo].[Deceased] ([Deceased_Id], [First_Name], [Middle_Name], [Last_Name], [Date_Of_Birth], [Date_Of_Death], [Row_Number], [Location_Within_Row], [Stone_Description], [Type_Of_Burial], [Marker_Text], [Marker_Symbols], [Cemetery_Id]) VALUES (107, N'Infant', NULL, N'Ray', N'25 Jul [1903]', N'27-Jul-03', N'12', N'14', N'N/A', N'In-Ground', NULL, NULL, 1)
INSERT INTO [dbo].[Deceased] ([Deceased_Id], [First_Name], [Middle_Name], [Last_Name], [Date_Of_Birth], [Date_Of_Death], [Row_Number], [Location_Within_Row], [Stone_Description], [Type_Of_Burial], [Marker_Text], [Marker_Symbols], [Cemetery_Id]) VALUES (108, N'Liet. A.M.', NULL, N'Ray', N'1867', N'1917', N'12', N'12', N'N/A', N'In-Ground', NULL, NULL, 1)
INSERT INTO [dbo].[Deceased] ([Deceased_Id], [First_Name], [Middle_Name], [Last_Name], [Date_Of_Birth], [Date_Of_Death], [Row_Number], [Location_Within_Row], [Stone_Description], [Type_Of_Burial], [Marker_Text], [Marker_Symbols], [Cemetery_Id]) VALUES (109, N'C. Douglas', NULL, N'Rhea', N'5-Feb-15', N'11-Dec-94', N'18', N'4', N'N/A', N'In-Ground', NULL, NULL, 1)
INSERT INTO [dbo].[Deceased] ([Deceased_Id], [First_Name], [Middle_Name], [Last_Name], [Date_Of_Birth], [Date_Of_Death], [Row_Number], [Location_Within_Row], [Stone_Description], [Type_Of_Burial], [Marker_Text], [Marker_Symbols], [Cemetery_Id]) VALUES (110, N'Dorothy B.', NULL, N'Rhea', N'30-May-19', N'6-Apr-01', N'18', N'5', N'N/A', N'In-Ground', NULL, NULL, 1)
INSERT INTO [dbo].[Deceased] ([Deceased_Id], [First_Name], [Middle_Name], [Last_Name], [Date_Of_Birth], [Date_Of_Death], [Row_Number], [Location_Within_Row], [Stone_Description], [Type_Of_Burial], [Marker_Text], [Marker_Symbols], [Cemetery_Id]) VALUES (111, N'John', NULL, N'Rhea', N'May [?] 1887', N'18-Jul-28', N'16', N'7', N'N/A', N'In-Ground', NULL, NULL, 1)
INSERT INTO [dbo].[Deceased] ([Deceased_Id], [First_Name], [Middle_Name], [Last_Name], [Date_Of_Birth], [Date_Of_Death], [Row_Number], [Location_Within_Row], [Stone_Description], [Type_Of_Burial], [Marker_Text], [Marker_Symbols], [Cemetery_Id]) VALUES (112, N'Mildred', NULL, N'Rhea', N'1908', N'1993', N'18', N'3', N'N/A', N'In-Ground', NULL, NULL, 1)
INSERT INTO [dbo].[Deceased] ([Deceased_Id], [First_Name], [Middle_Name], [Last_Name], [Date_Of_Birth], [Date_Of_Death], [Row_Number], [Location_Within_Row], [Stone_Description], [Type_Of_Burial], [Marker_Text], [Marker_Symbols], [Cemetery_Id]) VALUES (113, N'William Alfred', NULL, N'Rhea', N'06 Dec 1896', N'12 Jan 1898', N'16', N'8', N'N/A', N'In-Ground', NULL, NULL, 1)
INSERT INTO [dbo].[Deceased] ([Deceased_Id], [First_Name], [Middle_Name], [Last_Name], [Date_Of_Birth], [Date_Of_Death], [Row_Number], [Location_Within_Row], [Stone_Description], [Type_Of_Burial], [Marker_Text], [Marker_Symbols], [Cemetery_Id]) VALUES (114, N'Carrie Perry', NULL, N'Russell', N'01 Apr 1886', N'22-Feb-84', N'10', N'9', N'N/A', N'In-Ground', NULL, NULL, 1)
INSERT INTO [dbo].[Deceased] ([Deceased_Id], [First_Name], [Middle_Name], [Last_Name], [Date_Of_Birth], [Date_Of_Death], [Row_Number], [Location_Within_Row], [Stone_Description], [Type_Of_Burial], [Marker_Text], [Marker_Symbols], [Cemetery_Id]) VALUES (115, N'Wincy', NULL, N'Russell', N'', N'', N'12', N'13', N'N/A', N'In-Ground', NULL, NULL, 1)
INSERT INTO [dbo].[Deceased] ([Deceased_Id], [First_Name], [Middle_Name], [Last_Name], [Date_Of_Birth], [Date_Of_Death], [Row_Number], [Location_Within_Row], [Stone_Description], [Type_Of_Burial], [Marker_Text], [Marker_Symbols], [Cemetery_Id]) VALUES (116, N'Kathleen Gay', NULL, N'Rutledge', N'14-Jan-12', N'10-Mar-89', N'22', N'1', N'N/A', N'In-Ground', NULL, NULL, 1)
INSERT INTO [dbo].[Deceased] ([Deceased_Id], [First_Name], [Middle_Name], [Last_Name], [Date_Of_Birth], [Date_Of_Death], [Row_Number], [Location_Within_Row], [Stone_Description], [Type_Of_Burial], [Marker_Text], [Marker_Symbols], [Cemetery_Id]) VALUES (117, N'James Paul', NULL, N'Rutledge', N'2-Jun-10', N'14-Jan-91', N'23', N'1', N'N/A', N'In-Ground', NULL, NULL, 1)
INSERT INTO [dbo].[Deceased] ([Deceased_Id], [First_Name], [Middle_Name], [Last_Name], [Date_Of_Birth], [Date_Of_Death], [Row_Number], [Location_Within_Row], [Stone_Description], [Type_Of_Burial], [Marker_Text], [Marker_Symbols], [Cemetery_Id]) VALUES (118, N'David A.', NULL, N'Rutledge', N'1936', N'1995', N'25', N'1', N'N/A', N'In-Ground', NULL, NULL, 1)
INSERT INTO [dbo].[Deceased] ([Deceased_Id], [First_Name], [Middle_Name], [Last_Name], [Date_Of_Birth], [Date_Of_Death], [Row_Number], [Location_Within_Row], [Stone_Description], [Type_Of_Burial], [Marker_Text], [Marker_Symbols], [Cemetery_Id]) VALUES (119, N'Charles W.', NULL, N'Ryans', N'14 Feb 1875', N'7-Sep-54', N'8', N'2', N'N/A', N'In-Ground', NULL, NULL, 1)
INSERT INTO [dbo].[Deceased] ([Deceased_Id], [First_Name], [Middle_Name], [Last_Name], [Date_Of_Birth], [Date_Of_Death], [Row_Number], [Location_Within_Row], [Stone_Description], [Type_Of_Burial], [Marker_Text], [Marker_Symbols], [Cemetery_Id]) VALUES (120, N'Mamie V. Pearson', NULL, N'Ryans', N'16 Aug 1898', N'3-Apr-71', N'8', N'1', N'N/A', N'In-Ground', NULL, NULL, 1)
INSERT INTO [dbo].[Deceased] ([Deceased_Id], [First_Name], [Middle_Name], [Last_Name], [Date_Of_Birth], [Date_Of_Death], [Row_Number], [Location_Within_Row], [Stone_Description], [Type_Of_Burial], [Marker_Text], [Marker_Symbols], [Cemetery_Id]) VALUES (121, N'Rowe', NULL, N'Ryans', N'', N'', N'18', N'2', N'N/A', N'In-Ground', NULL, NULL, 1)
INSERT INTO [dbo].[Deceased] ([Deceased_Id], [First_Name], [Middle_Name], [Last_Name], [Date_Of_Birth], [Date_Of_Death], [Row_Number], [Location_Within_Row], [Stone_Description], [Type_Of_Burial], [Marker_Text], [Marker_Symbols], [Cemetery_Id]) VALUES (122, N'Rebecca', NULL, N'Sliger', N'[1815]', N'09 Jul 1890', N'12', N'16', N'N/A', N'In-Ground', NULL, NULL, 1)
INSERT INTO [dbo].[Deceased] ([Deceased_Id], [First_Name], [Middle_Name], [Last_Name], [Date_Of_Birth], [Date_Of_Death], [Row_Number], [Location_Within_Row], [Stone_Description], [Type_Of_Burial], [Marker_Text], [Marker_Symbols], [Cemetery_Id]) VALUES (123, N'Eliza', NULL, N'Smith', N'1858', N'1916', N'17', N'4', N'N/A', N'In-Ground', NULL, NULL, 1)
INSERT INTO [dbo].[Deceased] ([Deceased_Id], [First_Name], [Middle_Name], [Last_Name], [Date_Of_Birth], [Date_Of_Death], [Row_Number], [Location_Within_Row], [Stone_Description], [Type_Of_Burial], [Marker_Text], [Marker_Symbols], [Cemetery_Id]) VALUES (124, N'Brewer', NULL, N'Snow', N'1861', N'1905', N'4', N'2', N'N/A', N'In-Ground', NULL, NULL, 1)
INSERT INTO [dbo].[Deceased] ([Deceased_Id], [First_Name], [Middle_Name], [Last_Name], [Date_Of_Birth], [Date_Of_Death], [Row_Number], [Location_Within_Row], [Stone_Description], [Type_Of_Burial], [Marker_Text], [Marker_Symbols], [Cemetery_Id]) VALUES (125, N'', NULL, N'Snow', N'', N'', N'4', N'3', N'N/A', N'In-Ground', NULL, NULL, 1)
INSERT INTO [dbo].[Deceased] ([Deceased_Id], [First_Name], [Middle_Name], [Last_Name], [Date_Of_Birth], [Date_Of_Death], [Row_Number], [Location_Within_Row], [Stone_Description], [Type_Of_Burial], [Marker_Text], [Marker_Symbols], [Cemetery_Id]) VALUES (126, N'Rect.? [Rector]', NULL, N'Stephen[son]', N'2-Apr-10', N'1-Sep-30', N'5', N'1', N'N/A', N'In-Ground', NULL, NULL, 1)
INSERT INTO [dbo].[Deceased] ([Deceased_Id], [First_Name], [Middle_Name], [Last_Name], [Date_Of_Birth], [Date_Of_Death], [Row_Number], [Location_Within_Row], [Stone_Description], [Type_Of_Burial], [Marker_Text], [Marker_Symbols], [Cemetery_Id]) VALUES (127, N'David', NULL, N'Stephenz', N'', N'1918', N'14', N'3', N'N/A', N'In-Ground', NULL, NULL, 1)
INSERT INTO [dbo].[Deceased] ([Deceased_Id], [First_Name], [Middle_Name], [Last_Name], [Date_Of_Birth], [Date_Of_Death], [Row_Number], [Location_Within_Row], [Stone_Description], [Type_Of_Burial], [Marker_Text], [Marker_Symbols], [Cemetery_Id]) VALUES (128, N'Ed', NULL, N'Stevenz', N'', N'1938', N'14', N'2', N'N/A', N'In-Ground', NULL, NULL, 1)
INSERT INTO [dbo].[Deceased] ([Deceased_Id], [First_Name], [Middle_Name], [Last_Name], [Date_Of_Birth], [Date_Of_Death], [Row_Number], [Location_Within_Row], [Stone_Description], [Type_Of_Burial], [Marker_Text], [Marker_Symbols], [Cemetery_Id]) VALUES (129, N'Nancy', NULL, N'Stuart', N'[1811]', N'[1894]', N'14', N'1', N'N/A', N'In-Ground', NULL, NULL, 1)
INSERT INTO [dbo].[Deceased] ([Deceased_Id], [First_Name], [Middle_Name], [Last_Name], [Date_Of_Birth], [Date_Of_Death], [Row_Number], [Location_Within_Row], [Stone_Description], [Type_Of_Burial], [Marker_Text], [Marker_Symbols], [Cemetery_Id]) VALUES (130, N'Edward', NULL, N'Stuart', N'1852', N'1914', N'17', N'7', N'N/A', N'In-Ground', NULL, NULL, 1)
INSERT INTO [dbo].[Deceased] ([Deceased_Id], [First_Name], [Middle_Name], [Last_Name], [Date_Of_Birth], [Date_Of_Death], [Row_Number], [Location_Within_Row], [Stone_Description], [Type_Of_Burial], [Marker_Text], [Marker_Symbols], [Cemetery_Id]) VALUES (131, N'Georgia May', NULL, N'Stuart', N'03 May 1883', N'11-May-06', N'13', N'1', N'N/A', N'In-Ground', NULL, NULL, 1)
INSERT INTO [dbo].[Deceased] ([Deceased_Id], [First_Name], [Middle_Name], [Last_Name], [Date_Of_Birth], [Date_Of_Death], [Row_Number], [Location_Within_Row], [Stone_Description], [Type_Of_Burial], [Marker_Text], [Marker_Symbols], [Cemetery_Id]) VALUES (132, N'Lettie', NULL, N'Stuart', N'1862', N'[07 Apr 1929]', N'17', N'6', N'N/A', N'In-Ground', NULL, NULL, 1)
INSERT INTO [dbo].[Deceased] ([Deceased_Id], [First_Name], [Middle_Name], [Last_Name], [Date_Of_Birth], [Date_Of_Death], [Row_Number], [Location_Within_Row], [Stone_Description], [Type_Of_Burial], [Marker_Text], [Marker_Symbols], [Cemetery_Id]) VALUES (133, N'John M.', NULL, N'Taylor', N'18 Feb 1845', N'27-Sep-09', N'17', N'1', N'N/A', N'In-Ground', NULL, NULL, 1)
INSERT INTO [dbo].[Deceased] ([Deceased_Id], [First_Name], [Middle_Name], [Last_Name], [Date_Of_Birth], [Date_Of_Death], [Row_Number], [Location_Within_Row], [Stone_Description], [Type_Of_Burial], [Marker_Text], [Marker_Symbols], [Cemetery_Id]) VALUES (134, N'Martha A.', NULL, N'Taylor', N'17 Mar 1850', N'6-Dec-11', N'17', N'1', N'N/A', N'In-Ground', NULL, NULL, 1)
INSERT INTO [dbo].[Deceased] ([Deceased_Id], [First_Name], [Middle_Name], [Last_Name], [Date_Of_Birth], [Date_Of_Death], [Row_Number], [Location_Within_Row], [Stone_Description], [Type_Of_Burial], [Marker_Text], [Marker_Symbols], [Cemetery_Id]) VALUES (135, N'2 Conc Mkrs', NULL, N'Unknown', N'', N'', N'1', N'7', N'N/A', N'In-Ground', NULL, NULL, 1)
INSERT INTO [dbo].[Deceased] ([Deceased_Id], [First_Name], [Middle_Name], [Last_Name], [Date_Of_Birth], [Date_Of_Death], [Row_Number], [Location_Within_Row], [Stone_Description], [Type_Of_Burial], [Marker_Text], [Marker_Symbols], [Cemetery_Id]) VALUES (136, N'4" Conc Cap Blk', NULL, N'Unknown', N'', N'', N'9', N'2', N'N/A', N'In-Ground', NULL, NULL, 1)
INSERT INTO [dbo].[Deceased] ([Deceased_Id], [First_Name], [Middle_Name], [Last_Name], [Date_Of_Birth], [Date_Of_Death], [Row_Number], [Location_Within_Row], [Stone_Description], [Type_Of_Burial], [Marker_Text], [Marker_Symbols], [Cemetery_Id]) VALUES (137, N'4" Conc Cap Blk', NULL, N'Unknown', N'', N'', N'18', N'1', N'N/A', N'In-Ground', NULL, NULL, 1)
INSERT INTO [dbo].[Deceased] ([Deceased_Id], [First_Name], [Middle_Name], [Last_Name], [Date_Of_Birth], [Date_Of_Death], [Row_Number], [Location_Within_Row], [Stone_Description], [Type_Of_Burial], [Marker_Text], [Marker_Symbols], [Cemetery_Id]) VALUES (138, N'Block', NULL, N'Unknown', N'', N'', N'6', N'5', N'N/A', N'In-Ground', NULL, NULL, 1)
INSERT INTO [dbo].[Deceased] ([Deceased_Id], [First_Name], [Middle_Name], [Last_Name], [Date_Of_Birth], [Date_Of_Death], [Row_Number], [Location_Within_Row], [Stone_Description], [Type_Of_Burial], [Marker_Text], [Marker_Symbols], [Cemetery_Id]) VALUES (139, N'Block', NULL, N'Unknown', N'', N'', N'6', N'6', N'N/A', N'In-Ground', NULL, NULL, 1)
INSERT INTO [dbo].[Deceased] ([Deceased_Id], [First_Name], [Middle_Name], [Last_Name], [Date_Of_Birth], [Date_Of_Death], [Row_Number], [Location_Within_Row], [Stone_Description], [Type_Of_Burial], [Marker_Text], [Marker_Symbols], [Cemetery_Id]) VALUES (140, N'Fieldstone', NULL, N'Unknown', N'', N'', N'1', N'11', N'N/A', N'In-Ground', NULL, NULL, 1)
INSERT INTO [dbo].[Deceased] ([Deceased_Id], [First_Name], [Middle_Name], [Last_Name], [Date_Of_Birth], [Date_Of_Death], [Row_Number], [Location_Within_Row], [Stone_Description], [Type_Of_Burial], [Marker_Text], [Marker_Symbols], [Cemetery_Id]) VALUES (141, N'Fieldstone', NULL, N'Unknown', N'', N'', N'5', N'3', N'N/A', N'In-Ground', NULL, NULL, 1)
INSERT INTO [dbo].[Deceased] ([Deceased_Id], [First_Name], [Middle_Name], [Last_Name], [Date_Of_Birth], [Date_Of_Death], [Row_Number], [Location_Within_Row], [Stone_Description], [Type_Of_Burial], [Marker_Text], [Marker_Symbols], [Cemetery_Id]) VALUES (142, N'Fieldstone', NULL, N'Unknown', N'', N'', N'5', N'4', N'N/A', N'In-Ground', NULL, NULL, 1)
INSERT INTO [dbo].[Deceased] ([Deceased_Id], [First_Name], [Middle_Name], [Last_Name], [Date_Of_Birth], [Date_Of_Death], [Row_Number], [Location_Within_Row], [Stone_Description], [Type_Of_Burial], [Marker_Text], [Marker_Symbols], [Cemetery_Id]) VALUES (143, N'Fieldstone', NULL, N'Unknown', N'', N'', N'12', N'17', N'N/A', N'In-Ground', NULL, NULL, 1)
INSERT INTO [dbo].[Deceased] ([Deceased_Id], [First_Name], [Middle_Name], [Last_Name], [Date_Of_Birth], [Date_Of_Death], [Row_Number], [Location_Within_Row], [Stone_Description], [Type_Of_Burial], [Marker_Text], [Marker_Symbols], [Cemetery_Id]) VALUES (144, N'Fieldstone', NULL, N'Unknown', N'', N'', N'14', N'4', N'N/A', N'In-Ground', NULL, NULL, 1)
INSERT INTO [dbo].[Deceased] ([Deceased_Id], [First_Name], [Middle_Name], [Last_Name], [Date_Of_Birth], [Date_Of_Death], [Row_Number], [Location_Within_Row], [Stone_Description], [Type_Of_Burial], [Marker_Text], [Marker_Symbols], [Cemetery_Id]) VALUES (145, N'Fieldstone', NULL, N'Unknown', N'', N'', N'14', N'5', N'N/A', N'In-Ground', NULL, NULL, 1)
INSERT INTO [dbo].[Deceased] ([Deceased_Id], [First_Name], [Middle_Name], [Last_Name], [Date_Of_Birth], [Date_Of_Death], [Row_Number], [Location_Within_Row], [Stone_Description], [Type_Of_Burial], [Marker_Text], [Marker_Symbols], [Cemetery_Id]) VALUES (146, N'Fieldstone', NULL, N'Unknown', N'', N'', N'15', N'4', N'N/A', N'In-Ground', NULL, NULL, 1)
INSERT INTO [dbo].[Deceased] ([Deceased_Id], [First_Name], [Middle_Name], [Last_Name], [Date_Of_Birth], [Date_Of_Death], [Row_Number], [Location_Within_Row], [Stone_Description], [Type_Of_Burial], [Marker_Text], [Marker_Symbols], [Cemetery_Id]) VALUES (147, N'Fieldstone', NULL, N'Unknown', N'', N'', N'15', N'14', N'N/A', N'In-Ground', NULL, NULL, 1)
INSERT INTO [dbo].[Deceased] ([Deceased_Id], [First_Name], [Middle_Name], [Last_Name], [Date_Of_Birth], [Date_Of_Death], [Row_Number], [Location_Within_Row], [Stone_Description], [Type_Of_Burial], [Marker_Text], [Marker_Symbols], [Cemetery_Id]) VALUES (148, N'Fieldstone', NULL, N'Unknown', N'', N'', N'17', N'8', N'N/A', N'In-Ground', NULL, NULL, 1)
INSERT INTO [dbo].[Deceased] ([Deceased_Id], [First_Name], [Middle_Name], [Last_Name], [Date_Of_Birth], [Date_Of_Death], [Row_Number], [Location_Within_Row], [Stone_Description], [Type_Of_Burial], [Marker_Text], [Marker_Symbols], [Cemetery_Id]) VALUES (149, N'Lg Perry Mkr', NULL, N'Unknown', N'', N'', N'10', N'8', N'N/A', N'In-Ground', NULL, NULL, 1)
INSERT INTO [dbo].[Deceased] ([Deceased_Id], [First_Name], [Middle_Name], [Last_Name], [Date_Of_Birth], [Date_Of_Death], [Row_Number], [Location_Within_Row], [Stone_Description], [Type_Of_Burial], [Marker_Text], [Marker_Symbols], [Cemetery_Id]) VALUES (150, N'Lg Unfaced Mkr', NULL, N'Unknown', N'', N'', N'11', N'1', N'N/A', N'In-Ground', NULL, NULL, 1)
INSERT INTO [dbo].[Deceased] ([Deceased_Id], [First_Name], [Middle_Name], [Last_Name], [Date_Of_Birth], [Date_Of_Death], [Row_Number], [Location_Within_Row], [Stone_Description], [Type_Of_Burial], [Marker_Text], [Marker_Symbols], [Cemetery_Id]) VALUES (151, N'Lg Unfaced Mkr', NULL, N'Unknown', N'', N'', N'11', N'2', N'N/A', N'In-Ground', NULL, NULL, 1)
INSERT INTO [dbo].[Deceased] ([Deceased_Id], [First_Name], [Middle_Name], [Last_Name], [Date_Of_Birth], [Date_Of_Death], [Row_Number], [Location_Within_Row], [Stone_Description], [Type_Of_Burial], [Marker_Text], [Marker_Symbols], [Cemetery_Id]) VALUES (152, N'Unreadable funeral home marker ', NULL, N'Unknown', N'', N'', N'24', N'1', N'N/A', N'In-Ground', NULL, NULL, 1)
INSERT INTO [dbo].[Deceased] ([Deceased_Id], [First_Name], [Middle_Name], [Last_Name], [Date_Of_Birth], [Date_Of_Death], [Row_Number], [Location_Within_Row], [Stone_Description], [Type_Of_Burial], [Marker_Text], [Marker_Symbols], [Cemetery_Id]) VALUES (153, N'Upward Finger', NULL, N'Unknown', N'', N'', N'16', N'1', N'N/A', N'In-Ground', NULL, NULL, 1)
INSERT INTO [dbo].[Deceased] ([Deceased_Id], [First_Name], [Middle_Name], [Last_Name], [Date_Of_Birth], [Date_Of_Death], [Row_Number], [Location_Within_Row], [Stone_Description], [Type_Of_Burial], [Marker_Text], [Marker_Symbols], [Cemetery_Id]) VALUES (154, N'Henry C.', NULL, N'Vaught', N'23 Mar 1894', N'', N'10', N'5', N'N/A', N'In-Ground', NULL, NULL, 1)
INSERT INTO [dbo].[Deceased] ([Deceased_Id], [First_Name], [Middle_Name], [Last_Name], [Date_Of_Birth], [Date_Of_Death], [Row_Number], [Location_Within_Row], [Stone_Description], [Type_Of_Burial], [Marker_Text], [Marker_Symbols], [Cemetery_Id]) VALUES (155, N'Martha V.', NULL, N'Vaught', N'24 Jun 1884', N'28-Nov-63', N'10', N'4', N'N/A', N'In-Ground', NULL, NULL, 1)
INSERT INTO [dbo].[Deceased] ([Deceased_Id], [First_Name], [Middle_Name], [Last_Name], [Date_Of_Birth], [Date_Of_Death], [Row_Number], [Location_Within_Row], [Stone_Description], [Type_Of_Burial], [Marker_Text], [Marker_Symbols], [Cemetery_Id]) VALUES (156, N'Lewis M.', NULL, N'Walker', N'1868', N'19---', N'13', N'10', N'N/A', N'In-Ground', NULL, NULL, 1)
INSERT INTO [dbo].[Deceased] ([Deceased_Id], [First_Name], [Middle_Name], [Last_Name], [Date_Of_Birth], [Date_Of_Death], [Row_Number], [Location_Within_Row], [Stone_Description], [Type_Of_Burial], [Marker_Text], [Marker_Symbols], [Cemetery_Id]) VALUES (157, N'Mary E.', NULL, N'Walker', N'1852', N'1933', N'13', N'11', N'N/A', N'In-Ground', NULL, NULL, 1)
INSERT INTO [dbo].[Deceased] ([Deceased_Id], [First_Name], [Middle_Name], [Last_Name], [Date_Of_Birth], [Date_Of_Death], [Row_Number], [Location_Within_Row], [Stone_Description], [Type_Of_Burial], [Marker_Text], [Marker_Symbols], [Cemetery_Id]) VALUES (158, N'William Howell', NULL, N'Yancey', N'15 Feb 1962 [1860]', N'5-Jan-27', N'15', N'13', N'N/A', N'In-Ground', NULL, NULL, 1)
INSERT INTO [dbo].[Deceased] ([Deceased_Id], [First_Name], [Middle_Name], [Last_Name], [Date_Of_Birth], [Date_Of_Death], [Row_Number], [Location_Within_Row], [Stone_Description], [Type_Of_Burial], [Marker_Text], [Marker_Symbols], [Cemetery_Id]) VALUES (159, N'Deana', NULL, N'Young', N'[1835]', N'1895', N'10', N'12', N'N/A', N'In-Ground', NULL, NULL, 1)
SET IDENTITY_INSERT [dbo].[Deceased] OFF

INSERT INTO Deceased (First_Name, Middle_Name, Last_Name, Date_Of_Birth, Date_Of_Death, Row_Number, Location_Within_Row, Stone_Description, Type_Of_Burial, Cemetery_Id)
VALUES ('Josh', 'A', 'Bowers', '1981 09 11', '2015 04 20', '5', '20', 'Stone', 'In-Ground', 2)

INSERT INTO Deceased (First_Name, Middle_Name, Last_Name, Date_Of_Birth, Date_Of_Death, Row_Number, Location_Within_Row, Stone_Description, Type_Of_Burial, Cemetery_Id)
VALUES ('Priscilla', 'A', 'Trent', '1978 03 03', '2015 04 20', '5', '21', 'Stone', 'In-Ground', 2)

INSERT INTO Related (Deceased_Id, Deceased_Relative_Id, Relationship)
VALUES (160, 161, 'Wife')

INSERT INTO Related (Deceased_Id, Deceased_Relative_Id, Relationship)
VALUES (161, 160, 'Husband')

INSERT INTO FamilyMember (First_Name, Middle_Name, Last_Name, Date_Of_Birth, Relationship, Deceased_Id)
VALUES ('Lucas', 'T', 'Bowers', '2008 07 14', 'Son', 160)

INSERT INTO FamilyMember (First_Name, Middle_Name, Last_Name, Date_Of_Birth, Relationship, Deceased_Id)
VALUES ('Lucas', 'T', 'Bowers', '2008 07 14', 'Son', 161)

INSERT INTO Record(Record_Type, Record_Description, Date_Entered, Entered_By, Deceased_Id)
VALUES ('Deed', 'Deed to house', 04/20/2015, 'Record Keeper', 160)

INSERT INTO Record(Record_Type, Record_Description, Date_Entered, Entered_By, Deceased_Id)
VALUES ('Warrant', 'Warrant for Josh''s Arrest', 04/20/2015, 'Record Keeper', 160)

INSERT INTO BiographicalInformation(Biographical_Information_Type, Biographical_Information_Description, Date_Entered, Entered_By, Deceased_Id)
VALUES ('Image', 'Here is a picture of Josh Bowers', 04/20/2015, 'Biographer', 160)

INSERT INTO BiographicalInformation(Biographical_Information_Type, Biographical_Information_Description, Date_Entered, Entered_By, Deceased_Id)
VALUES ('Music Video', 'Josh loved this song', 04/20/2015, 'Biographer', 160)

INSERT INTO RecordLink(URL, Link_To, Record_Id)
VALUES ('http://www.google.com', 'Google Homepage', 1)

INSERT INTO InformationLink(URL, Link_To, Information_Id)
VALUES ('https://www.youtube.com/watch?v=6WTdTwcmxyo', 'Tommy Tutone - 867-5309 (Jenny)', 2)
