﻿DELETE FROM [dbo].[RecordLink];
DELETE FROM [dbo].[InformationLink];
DELETE FROM [dbo].[Record];
DELETE FROM [dbo].[BiographicalInformation];
DELETE FROM [dbo].[FamilyMember];
DELETE FROM [dbo].[Related];
DELETE FROM [dbo].[Deceased];
DELETE FROM [dbo].[Cemetery];
DELETE FROM [dbo].[Location];

SET IDENTITY_INSERT [dbo].[Location] ON
INSERT INTO [dbo].[Location] ([Location_Id], [State], [County], [City], [Zip]) VALUES (1, N'TN', N'Washington', N'Jonesborough', N'37659')
INSERT INTO [dbo].[Location] ([Location_Id], [State], [County], [City], [Zip]) VALUES (2, N'TN', N'Washington', N'Johnson City', N'37604')
INSERT INTO [dbo].[Location] ([Location_Id], [State], [County], [City], [Zip]) VALUES (3, N'TN', N'Washington', N'Johnson City', N'37601')
SET IDENTITY_INSERT [dbo].[Location] OFF

SET IDENTITY_INSERT [dbo].[Cemetery] ON
INSERT INTO [dbo].[Cemetery] ([Cemetery_Id], [Cemetery_Name], [Street1], [Street2], [GPS_Coordinates], [Date_Established], [Cemetery_Notes], [Location_Id]) VALUES (1, N'Evergreen - College Hill', N'End of Cemetery Lane', NULL, N'36d17.782N|82d28.092W', NULL, NULL, 1)
INSERT INTO [dbo].[Cemetery] ([Cemetery_Id], [Cemetery_Name], [Street1], [Street2], [GPS_Coordinates], [Date_Established], [Cemetery_Notes], [Location_Id]) VALUES (2, N'Test Cemetery', N'123 Test Lane', NULL, N'36d18.183N|82d21.100W', NULL, NULL, 1)
INSERT INTO [dbo].[Cemetery] ([Cemetery_Id], [Cemetery_Name], [Street1], [Street2], [GPS_Coordinates], [Date_Established], [Cemetery_Notes], [Location_Id]) VALUES (3, N'Blair Cemetery', N'Arnold Rd - 8/10th mi from Cherokee Rd', NULL, N'36d13.070N|82d27.150W', NULL, NULL, 1)
SET IDENTITY_INSERT [dbo].[Cemetery] OFF

SET IDENTITY_INSERT [dbo].[Deceased] ON
INSERT INTO [dbo].[Deceased] ([Deceased_Id], [First_Name], [Middle_Name], [Last_Name], [Date_Of_Birth], [Date_Of_Death], [Row_Number], [Location_Within_Row], [Stone_Description], [Type_Of_Burial], [Marker_Text], [Marker_Symbols], [Cemetery_Id]) VALUES (1, N'Bertha', N'E.', N'Allison', N'26 Jun 1884', N'31-Dec-68', N'10', N'1', N'N/A', N'In-Ground', NULL, NULL, 1)
INSERT INTO [dbo].[Deceased] ([Deceased_Id], [First_Name], [Middle_Name], [Last_Name], [Date_Of_Birth], [Date_Of_Death], [Row_Number], [Location_Within_Row], [Stone_Description], [Type_Of_Burial], [Marker_Text], [Marker_Symbols], [Cemetery_Id]) VALUES (2, N'Jacob', NULL, N'Bailey', N'31 Jan 1841', N'12 Nov 1895', N'14', N'6', N'N/A', N'In-Ground', NULL, NULL, 1)
INSERT INTO [dbo].[Deceased] ([Deceased_Id], [First_Name], [Middle_Name], [Last_Name], [Date_Of_Birth], [Date_Of_Death], [Row_Number], [Location_Within_Row], [Stone_Description], [Type_Of_Burial], [Marker_Text], [Marker_Symbols], [Cemetery_Id]) VALUES (3, N'Martha', NULL, N'Bailey', N'04 Apr 1850', N'31-Jan-11', N'14', N'6', N'N/A', N'In-Ground', NULL, NULL, 1)
INSERT INTO [dbo].[Deceased] ([Deceased_Id], [First_Name], [Middle_Name], [Last_Name], [Date_Of_Birth], [Date_Of_Death], [Row_Number], [Location_Within_Row], [Stone_Description], [Type_Of_Burial], [Marker_Text], [Marker_Symbols], [Cemetery_Id]) VALUES (4, N'G. Rev', N'P.', N'Barnes', N'14 Jan 1864', N'20-Dec-34', N'9', N'3', N'N/A', N'In-Ground', NULL, NULL, 1)
INSERT INTO [dbo].[Deceased] ([Deceased_Id], [First_Name], [Middle_Name], [Last_Name], [Date_Of_Birth], [Date_Of_Death], [Row_Number], [Location_Within_Row], [Stone_Description], [Type_Of_Burial], [Marker_Text], [Marker_Symbols], [Cemetery_Id]) VALUES (5, N'Amanda', NULL, N'Bayless', N'28 Dec 1850', N'28-Nov-36', N'15', N'7', N'N/A', N'In-Ground', NULL, NULL, 1)
INSERT INTO [dbo].[Deceased] ([Deceased_Id], [First_Name], [Middle_Name], [Last_Name], [Date_Of_Birth], [Date_Of_Death], [Row_Number], [Location_Within_Row], [Stone_Description], [Type_Of_Burial], [Marker_Text], [Marker_Symbols], [Cemetery_Id]) VALUES (6, N'Comodore', NULL, N'Bayless', N'27 Mar 1849', N'18 May 1891', N'15', N'6', N'N/A', N'In-Ground', NULL, NULL, 1)
INSERT INTO [dbo].[Deceased] ([Deceased_Id], [First_Name], [Middle_Name], [Last_Name], [Date_Of_Birth], [Date_Of_Death], [Row_Number], [Location_Within_Row], [Stone_Description], [Type_Of_Burial], [Marker_Text], [Marker_Symbols], [Cemetery_Id]) VALUES (7, N'J[ames]', N'Harrison', N'Bayless', N'1889', N'1929', N'15', N'8', N'N/A', N'In-Ground', NULL, NULL, 1)
INSERT INTO [dbo].[Deceased] ([Deceased_Id], [First_Name], [Middle_Name], [Last_Name], [Date_Of_Birth], [Date_Of_Death], [Row_Number], [Location_Within_Row], [Stone_Description], [Type_Of_Burial], [Marker_Text], [Marker_Symbols], [Cemetery_Id]) VALUES (8, N'Julia', NULL, N'Bayless', N'26 Feb 1885', N'16-Sep-39', N'15', N'10', N'N/A', N'In-Ground', NULL, NULL, 1)
INSERT INTO [dbo].[Deceased] ([Deceased_Id], [First_Name], [Middle_Name], [Last_Name], [Date_Of_Birth], [Date_Of_Death], [Row_Number], [Location_Within_Row], [Stone_Description], [Type_Of_Burial], [Marker_Text], [Marker_Symbols], [Cemetery_Id]) VALUES (9, N'Mary', NULL, N'Bayless', N'[1849]', N'20-May-13', N'10', N'10', N'N/A', N'In-Ground', NULL, NULL, 1)
INSERT INTO [dbo].[Deceased] ([Deceased_Id], [First_Name], [Middle_Name], [Last_Name], [Date_Of_Birth], [Date_Of_Death], [Row_Number], [Location_Within_Row], [Stone_Description], [Type_Of_Burial], [Marker_Text], [Marker_Symbols], [Cemetery_Id]) VALUES (10, N'Mary', N'E.', N'Bayless', N'1888 [19 Sep 1885]', N'1922 [10 Dec 1922]', N'15', N'9', N'N/A', N'In-Ground', NULL, NULL, 1)
INSERT INTO [dbo].[Deceased] ([Deceased_Id], [First_Name], [Middle_Name], [Last_Name], [Date_Of_Birth], [Date_Of_Death], [Row_Number], [Location_Within_Row], [Stone_Description], [Type_Of_Burial], [Marker_Text], [Marker_Symbols], [Cemetery_Id]) VALUES (11, NULL, NULL, N'Birdwell', N'', N'', N'11', N'4', N'Large Marker', N'In-Ground', NULL, NULL, 1)
INSERT INTO [dbo].[Deceased] ([Deceased_Id], [First_Name], [Middle_Name], [Last_Name], [Date_Of_Birth], [Date_Of_Death], [Row_Number], [Location_Within_Row], [Stone_Description], [Type_Of_Burial], [Marker_Text], [Marker_Symbols], [Cemetery_Id]) VALUES (12, N'Margaret', N'Edwards', N'Birdwell', N'04 Jul 1875', N'18-Sep-26', N'11', N'4', N'N/A', N'In-Ground', NULL, NULL, 1)
INSERT INTO [dbo].[Deceased] ([Deceased_Id], [First_Name], [Middle_Name], [Last_Name], [Date_Of_Birth], [Date_Of_Death], [Row_Number], [Location_Within_Row], [Stone_Description], [Type_Of_Burial], [Marker_Text], [Marker_Symbols], [Cemetery_Id]) VALUES (13, N'Marria [Mariah]', N'Willard', N'Birdwell', N'03 [27]  Jun 1830', N'27-Oct-19', N'11', N'5', N'N/A', N'In-Ground', NULL, NULL, 1)
INSERT INTO [dbo].[Deceased] ([Deceased_Id], [First_Name], [Middle_Name], [Last_Name], [Date_Of_Birth], [Date_Of_Death], [Row_Number], [Location_Within_Row], [Stone_Description], [Type_Of_Burial], [Marker_Text], [Marker_Symbols], [Cemetery_Id]) VALUES (14, N'Wm', N'A', N'Birdwell', N'03 Feb 1872', N'', N'11', N'3', N'N/A', N'In-Ground', NULL, NULL, 1)
INSERT INTO [dbo].[Deceased] ([Deceased_Id], [First_Name], [Middle_Name], [Last_Name], [Date_Of_Birth], [Date_Of_Death], [Row_Number], [Location_Within_Row], [Stone_Description], [Type_Of_Burial], [Marker_Text], [Marker_Symbols], [Cemetery_Id]) VALUES (15, N'Sarah', NULL, N'Blair', N'30 Nov 1851', N'11-Jan-13', N'12', N'15', N'N/A', N'In-Ground', NULL, NULL, 1)
INSERT INTO [dbo].[Deceased] ([Deceased_Id], [First_Name], [Middle_Name], [Last_Name], [Date_Of_Birth], [Date_Of_Death], [Row_Number], [Location_Within_Row], [Stone_Description], [Type_Of_Burial], [Marker_Text], [Marker_Symbols], [Cemetery_Id]) VALUES (16, N'Clarence', N'W.', N'Bridwell', N'1921', N'1972', N'3', N'1', N'N/A', N'In-Ground', NULL, NULL, 1)
INSERT INTO [dbo].[Deceased] ([Deceased_Id], [First_Name], [Middle_Name], [Last_Name], [Date_Of_Birth], [Date_Of_Death], [Row_Number], [Location_Within_Row], [Stone_Description], [Type_Of_Burial], [Marker_Text], [Marker_Symbols], [Cemetery_Id]) VALUES (17, N'Frances', N'J.', N'Bridwell', N'25 Mar 1884', N'27-Mar-18', N'8', N'5', N'N/A', N'In-Ground', NULL, NULL, 1)
INSERT INTO [dbo].[Deceased] ([Deceased_Id], [First_Name], [Middle_Name], [Last_Name], [Date_Of_Birth], [Date_Of_Death], [Row_Number], [Location_Within_Row], [Stone_Description], [Type_Of_Burial], [Marker_Text], [Marker_Symbols], [Cemetery_Id]) VALUES (18, N'James', N'E.', N'Bridwell', N'1948', N'1995', N'3', N'2', N'N/A', N'In-Ground', NULL, NULL, 1)
INSERT INTO [dbo].[Deceased] ([Deceased_Id], [First_Name], [Middle_Name], [Last_Name], [Date_Of_Birth], [Date_Of_Death], [Row_Number], [Location_Within_Row], [Stone_Description], [Type_Of_Burial], [Marker_Text], [Marker_Symbols], [Cemetery_Id]) VALUES (19, N'James', N'S.', N'Bridwell', N'25 Feb 1882', N'23-Feb-61', N'1', N'1', N'N/A', N'In-Ground', NULL, NULL, 1)
INSERT INTO [dbo].[Deceased] ([Deceased_Id], [First_Name], [Middle_Name], [Last_Name], [Date_Of_Birth], [Date_Of_Death], [Row_Number], [Location_Within_Row], [Stone_Description], [Type_Of_Burial], [Marker_Text], [Marker_Symbols], [Cemetery_Id]) VALUES (20, N'John', N'Henry', N'Bridwell', N'08 May 1883', N'5-Dec-71', N'8', N'4', N'N/A', N'In-Ground', NULL, NULL, 1)
INSERT INTO [dbo].[Deceased] ([Deceased_Id], [First_Name], [Middle_Name], [Last_Name], [Date_Of_Birth], [Date_Of_Death], [Row_Number], [Location_Within_Row], [Stone_Description], [Type_Of_Burial], [Marker_Text], [Marker_Symbols], [Cemetery_Id]) VALUES (21, N'John - Jr. ', N'Henry', N'Bridwell', N'1935', N'1942', N'5', N'2', N'N/A', N'In-Ground', NULL, NULL, 1)
INSERT INTO [dbo].[Deceased] ([Deceased_Id], [First_Name], [Middle_Name], [Last_Name], [Date_Of_Birth], [Date_Of_Death], [Row_Number], [Location_Within_Row], [Stone_Description], [Type_Of_Burial], [Marker_Text], [Marker_Symbols], [Cemetery_Id]) VALUES (22, N'Margaret', N'Keebler', N'Bridwell', N'1897', N'1936', N'1', N'2', N'N/A', N'In-Ground', NULL, NULL, 1)
INSERT INTO [dbo].[Deceased] ([Deceased_Id], [First_Name], [Middle_Name], [Last_Name], [Date_Of_Birth], [Date_Of_Death], [Row_Number], [Location_Within_Row], [Stone_Description], [Type_Of_Burial], [Marker_Text], [Marker_Symbols], [Cemetery_Id]) VALUES (23, N'Mary', N'F.', N'Bridwell', N'18-Feb-08', N'6-Feb-92', N'8', N'6', N'N/A', N'In-Ground', NULL, NULL, 1)
INSERT INTO [dbo].[Deceased] ([Deceased_Id], [First_Name], [Middle_Name], [Last_Name], [Date_Of_Birth], [Date_Of_Death], [Row_Number], [Location_Within_Row], [Stone_Description], [Type_Of_Burial], [Marker_Text], [Marker_Symbols], [Cemetery_Id]) VALUES (24, N'Opie', N'Blair', N'Bridwell', N'07 Jun 1891', N'20-Jun-80', N'5', N'3', N'N/A', N'In-Ground', NULL, NULL, 1)
INSERT INTO [dbo].[Deceased] ([Deceased_Id], [First_Name], [Middle_Name], [Last_Name], [Date_Of_Birth], [Date_Of_Death], [Row_Number], [Location_Within_Row], [Stone_Description], [Type_Of_Burial], [Marker_Text], [Marker_Symbols], [Cemetery_Id]) VALUES (25, N'Walter', N'Jay', N'Bridwell', N'18-Aug-21', N'19-May-57', N'9', N'1', N'N/A', N'In-Ground', NULL, NULL, 1)
INSERT INTO [dbo].[Deceased] ([Deceased_Id], [First_Name], [Middle_Name], [Last_Name], [Date_Of_Birth], [Date_Of_Death], [Row_Number], [Location_Within_Row], [Stone_Description], [Type_Of_Burial], [Marker_Text], [Marker_Symbols], [Cemetery_Id]) VALUES (26, N'Henry', NULL, N'Brigman', N'03 Oct 1849', N'15-Mar-22', N'7', N'4', N'N/A', N'In-Ground', NULL, NULL, 1)
INSERT INTO [dbo].[Deceased] ([Deceased_Id], [First_Name], [Middle_Name], [Last_Name], [Date_Of_Birth], [Date_Of_Death], [Row_Number], [Location_Within_Row], [Stone_Description], [Type_Of_Burial], [Marker_Text], [Marker_Symbols], [Cemetery_Id]) VALUES (27, N'Alfred', NULL, N'Brown', N'25 Dec 1858', N'22-Apr-25', N'12', N'2', N'N/A', N'In-Ground', NULL, NULL, 1)
INSERT INTO [dbo].[Deceased] ([Deceased_Id], [First_Name], [Middle_Name], [Last_Name], [Date_Of_Birth], [Date_Of_Death], [Row_Number], [Location_Within_Row], [Stone_Description], [Type_Of_Burial], [Marker_Text], [Marker_Symbols], [Cemetery_Id]) VALUES (28, N'Alfred & Cordie', NULL, N'Brown', N'', N'', N'12', N'3', N'N/A', N'In-Ground', NULL, NULL, 1)
INSERT INTO [dbo].[Deceased] ([Deceased_Id], [First_Name], [Middle_Name], [Last_Name], [Date_Of_Birth], [Date_Of_Death], [Row_Number], [Location_Within_Row], [Stone_Description], [Type_Of_Burial], [Marker_Text], [Marker_Symbols], [Cemetery_Id]) VALUES (29, N'Cornelius [Jerome]', NULL, N'Brown', N'[31 Aug 1859]', N'[12 Apr 1944]', N'1', N'6', N'N/A', N'In-Ground', NULL, NULL, 1)
INSERT INTO [dbo].[Deceased] ([Deceased_Id], [First_Name], [Middle_Name], [Last_Name], [Date_Of_Birth], [Date_Of_Death], [Row_Number], [Location_Within_Row], [Stone_Description], [Type_Of_Burial], [Marker_Text], [Marker_Symbols], [Cemetery_Id]) VALUES (30, N'Ethel', NULL, N'Brown', N'8-Nov-08', N'16-May-71', N'15', N'11', N'N/A', N'In-Ground', NULL, NULL, 1)
INSERT INTO [dbo].[Deceased] ([Deceased_Id], [First_Name], [Middle_Name], [Last_Name], [Date_Of_Birth], [Date_Of_Death], [Row_Number], [Location_Within_Row], [Stone_Description], [Type_Of_Burial], [Marker_Text], [Marker_Symbols], [Cemetery_Id]) VALUES (31, N'Julia', NULL, N'Brown', N'25-Jun-16', N'30-Oct-21', N'12', N'6', N'N/A', N'In-Ground', NULL, NULL, 1)
INSERT INTO [dbo].[Deceased] ([Deceased_Id], [First_Name], [Middle_Name], [Last_Name], [Date_Of_Birth], [Date_Of_Death], [Row_Number], [Location_Within_Row], [Stone_Description], [Type_Of_Burial], [Marker_Text], [Marker_Symbols], [Cemetery_Id]) VALUES (32, N'L. - Jr. ', N'D.', N'Brown', N'1934', N'1935', N'1', N'14', N'N/A', N'In-Ground', NULL, NULL, 1)
INSERT INTO [dbo].[Deceased] ([Deceased_Id], [First_Name], [Middle_Name], [Last_Name], [Date_Of_Birth], [Date_Of_Death], [Row_Number], [Location_Within_Row], [Stone_Description], [Type_Of_Burial], [Marker_Text], [Marker_Symbols], [Cemetery_Id]) VALUES (33, N'L. - Sr. ', N'D.', N'Brown', N'1906', N'1987', N'1', N'12', N'N/A', N'In-Ground', NULL, NULL, 1)
INSERT INTO [dbo].[Deceased] ([Deceased_Id], [First_Name], [Middle_Name], [Last_Name], [Date_Of_Birth], [Date_Of_Death], [Row_Number], [Location_Within_Row], [Stone_Description], [Type_Of_Burial], [Marker_Text], [Marker_Symbols], [Cemetery_Id]) VALUES (34, N'Lizzie', NULL, N'Brown', N'16 Apr 1882', N'2-Jan-71', N'15', N'12', N'N/A', N'In-Ground', NULL, NULL, 1)
INSERT INTO [dbo].[Deceased] ([Deceased_Id], [First_Name], [Middle_Name], [Last_Name], [Date_Of_Birth], [Date_Of_Death], [Row_Number], [Location_Within_Row], [Stone_Description], [Type_Of_Burial], [Marker_Text], [Marker_Symbols], [Cemetery_Id]) VALUES (35, N'Lucile', N'Birdwell', N'Brown', N'1910', N'1955', N'1', N'13', N'N/A', N'In-Ground', NULL, NULL, 1)
INSERT INTO [dbo].[Deceased] ([Deceased_Id], [First_Name], [Middle_Name], [Last_Name], [Date_Of_Birth], [Date_Of_Death], [Row_Number], [Location_Within_Row], [Stone_Description], [Type_Of_Burial], [Marker_Text], [Marker_Symbols], [Cemetery_Id]) VALUES (36, N'Luella', NULL, N'Brown', N'13 Nov 1890', N'17-Feb-40', N'1', N'4', N'N/A', N'In-Ground', NULL, NULL, 1)
INSERT INTO [dbo].[Deceased] ([Deceased_Id], [First_Name], [Middle_Name], [Last_Name], [Date_Of_Birth], [Date_Of_Death], [Row_Number], [Location_Within_Row], [Stone_Description], [Type_Of_Burial], [Marker_Text], [Marker_Symbols], [Cemetery_Id]) VALUES (37, N'Margaret', N'Louise', N'Brown', N'27-Aug-25', N'9-Jan-10', N'8', N'3', N'N/A', N'In-Ground', NULL, NULL, 1)
INSERT INTO [dbo].[Deceased] ([Deceased_Id], [First_Name], [Middle_Name], [Last_Name], [Date_Of_Birth], [Date_Of_Death], [Row_Number], [Location_Within_Row], [Stone_Description], [Type_Of_Burial], [Marker_Text], [Marker_Symbols], [Cemetery_Id]) VALUES (38, N'Melissa', N'[Dickson]', N'Brown', N'[03 ? 1862]', N'[29 Jun 1944]', N'1', N'5', N'N/A', N'In-Ground', NULL, NULL, 1)
INSERT INTO [dbo].[Deceased] ([Deceased_Id], [First_Name], [Middle_Name], [Last_Name], [Date_Of_Birth], [Date_Of_Death], [Row_Number], [Location_Within_Row], [Stone_Description], [Type_Of_Burial], [Marker_Text], [Marker_Symbols], [Cemetery_Id]) VALUES (39, N'Pearle', N'E.', N'Brown', N'3-Aug-04', N'5-Aug-19', N'12', N'4', N'N/A', N'In-Ground', NULL, NULL, 1)
INSERT INTO [dbo].[Deceased] ([Deceased_Id], [First_Name], [Middle_Name], [Last_Name], [Date_Of_Birth], [Date_Of_Death], [Row_Number], [Location_Within_Row], [Stone_Description], [Type_Of_Burial], [Marker_Text], [Marker_Symbols], [Cemetery_Id]) VALUES (40, N'William', NULL, N'Brown', N'30-Jul-19', N'17-May-22', N'12', N'5', N'N/A', N'In-Ground', NULL, NULL, 1)
INSERT INTO [dbo].[Deceased] ([Deceased_Id], [First_Name], [Middle_Name], [Last_Name], [Date_Of_Birth], [Date_Of_Death], [Row_Number], [Location_Within_Row], [Stone_Description], [Type_Of_Burial], [Marker_Text], [Marker_Symbols], [Cemetery_Id]) VALUES (41, N'Landon', NULL, N'Burdell', N'[1878]', N'17 May 1891', N'17', N'9', N'N/A', N'In-Ground', NULL, NULL, 1)
INSERT INTO [dbo].[Deceased] ([Deceased_Id], [First_Name], [Middle_Name], [Last_Name], [Date_Of_Birth], [Date_Of_Death], [Row_Number], [Location_Within_Row], [Stone_Description], [Type_Of_Burial], [Marker_Text], [Marker_Symbols], [Cemetery_Id]) VALUES (42, N'Louise', NULL, N'Cannon', N'[?] Mar 1922', N'15-Dec-22', N'10', N'7', N'N/A', N'In-Ground', NULL, NULL, 1)
INSERT INTO [dbo].[Deceased] ([Deceased_Id], [First_Name], [Middle_Name], [Last_Name], [Date_Of_Birth], [Date_Of_Death], [Row_Number], [Location_Within_Row], [Stone_Description], [Type_Of_Burial], [Marker_Text], [Marker_Symbols], [Cemetery_Id]) VALUES (43, N'Julia', N'Ann', N'Cecil', N'[1834]', N'13 Feb 1894', N'13', N'2', N'N/A', N'In-Ground', NULL, NULL, 1)
INSERT INTO [dbo].[Deceased] ([Deceased_Id], [First_Name], [Middle_Name], [Last_Name], [Date_Of_Birth], [Date_Of_Death], [Row_Number], [Location_Within_Row], [Stone_Description], [Type_Of_Burial], [Marker_Text], [Marker_Symbols], [Cemetery_Id]) VALUES (44, N'Nancy', N'Grimes', N'Cecil', N'11 Aug 1872', N'19-Mar-48', N'13', N'4', N'N/A', N'In-Ground', NULL, NULL, 1)
INSERT INTO [dbo].[Deceased] ([Deceased_Id], [First_Name], [Middle_Name], [Last_Name], [Date_Of_Birth], [Date_Of_Death], [Row_Number], [Location_Within_Row], [Stone_Description], [Type_Of_Burial], [Marker_Text], [Marker_Symbols], [Cemetery_Id]) VALUES (45, N'William', NULL, N'Cecil', N'04 Sep 1868', N'9-Aug-27', N'13', N'3', N'N/A', N'In-Ground', NULL, NULL, 1)
INSERT INTO [dbo].[Deceased] ([Deceased_Id], [First_Name], [Middle_Name], [Last_Name], [Date_Of_Birth], [Date_Of_Death], [Row_Number], [Location_Within_Row], [Stone_Description], [Type_Of_Burial], [Marker_Text], [Marker_Symbols], [Cemetery_Id]) VALUES (46, N'Charles - Jr. ', N'C.', N'Crawford', N'24-Feb-05', N'27-Sep-19', N'12', N'18', N'N/A', N'In-Ground', NULL, NULL, 1)
INSERT INTO [dbo].[Deceased] ([Deceased_Id], [First_Name], [Middle_Name], [Last_Name], [Date_Of_Birth], [Date_Of_Death], [Row_Number], [Location_Within_Row], [Stone_Description], [Type_Of_Burial], [Marker_Text], [Marker_Symbols], [Cemetery_Id]) VALUES (47, N'Etta (Henrietta)', NULL, N'Crawford', N'27 Nov 1891', N'22-Jan-18', N'12', N'19', N'N/A', N'In-Ground', NULL, NULL, 1)
INSERT INTO [dbo].[Deceased] ([Deceased_Id], [First_Name], [Middle_Name], [Last_Name], [Date_Of_Birth], [Date_Of_Death], [Row_Number], [Location_Within_Row], [Stone_Description], [Type_Of_Burial], [Marker_Text], [Marker_Symbols], [Cemetery_Id]) VALUES (48, N'Agnes', NULL, N'Dean', N'25 Dec 1883', N'11-Jun-59', N'6', N'1', N'N/A', N'In-Ground', NULL, NULL, 1)
INSERT INTO [dbo].[Deceased] ([Deceased_Id], [First_Name], [Middle_Name], [Last_Name], [Date_Of_Birth], [Date_Of_Death], [Row_Number], [Location_Within_Row], [Stone_Description], [Type_Of_Burial], [Marker_Text], [Marker_Symbols], [Cemetery_Id]) VALUES (49, N'Arthur', NULL, N'Dean', N'14 Apr 1855', N'14-Feb-34', N'6', N'2', N'N/A', N'In-Ground', NULL, NULL, 1)
INSERT INTO [dbo].[Deceased] ([Deceased_Id], [First_Name], [Middle_Name], [Last_Name], [Date_Of_Birth], [Date_Of_Death], [Row_Number], [Location_Within_Row], [Stone_Description], [Type_Of_Burial], [Marker_Text], [Marker_Symbols], [Cemetery_Id]) VALUES (50, N'Jerry', NULL, N'Edwards', N'', N'', N'16', N'2', N'N/A', N'In-Ground', NULL, NULL, 1)
INSERT INTO [dbo].[Deceased] ([Deceased_Id], [First_Name], [Middle_Name], [Last_Name], [Date_Of_Birth], [Date_Of_Death], [Row_Number], [Location_Within_Row], [Stone_Description], [Type_Of_Burial], [Marker_Text], [Marker_Symbols], [Cemetery_Id]) VALUES (51, N'Kenneth', NULL, N'Evans', N'26-Nov-39', N'28-Jan-95', N'18', N'7', N'N/A', N'In-Ground', NULL, NULL, 1)
INSERT INTO [dbo].[Deceased] ([Deceased_Id], [First_Name], [Middle_Name], [Last_Name], [Date_Of_Birth], [Date_Of_Death], [Row_Number], [Location_Within_Row], [Stone_Description], [Type_Of_Burial], [Marker_Text], [Marker_Symbols], [Cemetery_Id]) VALUES (52, N'Johanna', NULL, N'Ford', N'[1880]', N'23 Dec 1899', N'11', N'9', N'N/A', N'In-Ground', NULL, NULL, 1)
INSERT INTO [dbo].[Deceased] ([Deceased_Id], [First_Name], [Middle_Name], [Last_Name], [Date_Of_Birth], [Date_Of_Death], [Row_Number], [Location_Within_Row], [Stone_Description], [Type_Of_Burial], [Marker_Text], [Marker_Symbols], [Cemetery_Id]) VALUES (53, N'Lucinda', NULL, N'Ford', N'25 Dec 1853', N'5-Mar-06', N'11', N'8', N'N/A', N'In-Ground', NULL, NULL, 1)
INSERT INTO [dbo].[Deceased] ([Deceased_Id], [First_Name], [Middle_Name], [Last_Name], [Date_Of_Birth], [Date_Of_Death], [Row_Number], [Location_Within_Row], [Stone_Description], [Type_Of_Burial], [Marker_Text], [Marker_Symbols], [Cemetery_Id]) VALUES (54, N'Spencer', N'C.', N'Ford', N'04 Mar 1883', N'24-Dec-06', N'11', N'10', N'N/A', N'In-Ground', NULL, NULL, 1)
INSERT INTO [dbo].[Deceased] ([Deceased_Id], [First_Name], [Middle_Name], [Last_Name], [Date_Of_Birth], [Date_Of_Death], [Row_Number], [Location_Within_Row], [Stone_Description], [Type_Of_Burial], [Marker_Text], [Marker_Symbols], [Cemetery_Id]) VALUES (55, N'Edna', NULL, N'Freeze', N'25-Dec-10', N'30-Jun-95', N'11', N'7', N'N/A', N'In-Ground', NULL, NULL, 1)
INSERT INTO [dbo].[Deceased] ([Deceased_Id], [First_Name], [Middle_Name], [Last_Name], [Date_Of_Birth], [Date_Of_Death], [Row_Number], [Location_Within_Row], [Stone_Description], [Type_Of_Burial], [Marker_Text], [Marker_Symbols], [Cemetery_Id]) VALUES (56, N'Ella', N'Ford', N'Freeze', N'25 Dec 1880', N'13-Apr-47', N'11', N'6', N'N/A', N'In-Ground', NULL, NULL, 1)
INSERT INTO [dbo].[Deceased] ([Deceased_Id], [First_Name], [Middle_Name], [Last_Name], [Date_Of_Birth], [Date_Of_Death], [Row_Number], [Location_Within_Row], [Stone_Description], [Type_Of_Burial], [Marker_Text], [Marker_Symbols], [Cemetery_Id]) VALUES (57, N'Augusta', N'W.', N'Gay', N'1895', N'1941', N'1', N'10', N'N/A', N'In-Ground', NULL, NULL, 1)
INSERT INTO [dbo].[Deceased] ([Deceased_Id], [First_Name], [Middle_Name], [Last_Name], [Date_Of_Birth], [Date_Of_Death], [Row_Number], [Location_Within_Row], [Stone_Description], [Type_Of_Burial], [Marker_Text], [Marker_Symbols], [Cemetery_Id]) VALUES (58, N'George', N'Hurdle', N'Gay', N'1914', N'1979', N'1', N'8', N'N/A', N'In-Ground', NULL, NULL, 1)
INSERT INTO [dbo].[Deceased] ([Deceased_Id], [First_Name], [Middle_Name], [Last_Name], [Date_Of_Birth], [Date_Of_Death], [Row_Number], [Location_Within_Row], [Stone_Description], [Type_Of_Burial], [Marker_Text], [Marker_Symbols], [Cemetery_Id]) VALUES (59, N'Samuel', N'M.', N'Gay', N'1883', N'1950', N'1', N'9', N'N/A', N'In-Ground', NULL, NULL, 1)
INSERT INTO [dbo].[Deceased] ([Deceased_Id], [First_Name], [Middle_Name], [Last_Name], [Date_Of_Birth], [Date_Of_Death], [Row_Number], [Location_Within_Row], [Stone_Description], [Type_Of_Burial], [Marker_Text], [Marker_Symbols], [Cemetery_Id]) VALUES (60, N'Anthony [Toney]', NULL, N'Gott', N'[14 Jan 1845] 1844', N'[17 Jul] 1918', N'13', N'6', N'N/A', N'In-Ground', NULL, NULL, 1)
INSERT INTO [dbo].[Deceased] ([Deceased_Id], [First_Name], [Middle_Name], [Last_Name], [Date_Of_Birth], [Date_Of_Death], [Row_Number], [Location_Within_Row], [Stone_Description], [Type_Of_Burial], [Marker_Text], [Marker_Symbols], [Cemetery_Id]) VALUES (61, N'Jane', NULL, N'Gott', N'1851', N'1901', N'13', N'5', N'N/A', N'In-Ground', NULL, NULL, 1)
INSERT INTO [dbo].[Deceased] ([Deceased_Id], [First_Name], [Middle_Name], [Last_Name], [Date_Of_Birth], [Date_Of_Death], [Row_Number], [Location_Within_Row], [Stone_Description], [Type_Of_Burial], [Marker_Text], [Marker_Symbols], [Cemetery_Id]) VALUES (62, N'Katherine', NULL, N'Greenlee', N'1915', N'2004', N'2', N'2', N'N/A', N'In-Ground', NULL, NULL, 1)
INSERT INTO [dbo].[Deceased] ([Deceased_Id], [First_Name], [Middle_Name], [Last_Name], [Date_Of_Birth], [Date_Of_Death], [Row_Number], [Location_Within_Row], [Stone_Description], [Type_Of_Burial], [Marker_Text], [Marker_Symbols], [Cemetery_Id]) VALUES (63, N'Nellie', NULL, N'Greenlee', N'[1881]', N'05 Mar 1897', N'17', N'8', N'N/A', N'In-Ground', NULL, NULL, 1)
INSERT INTO [dbo].[Deceased] ([Deceased_Id], [First_Name], [Middle_Name], [Last_Name], [Date_Of_Birth], [Date_Of_Death], [Row_Number], [Location_Within_Row], [Stone_Description], [Type_Of_Burial], [Marker_Text], [Marker_Symbols], [Cemetery_Id]) VALUES (64, N'William', N'Arlie', N'Greenlee', N'1916', N'1971', N'2', N'1', N'N/A', N'In-Ground', NULL, NULL, 1)
INSERT INTO [dbo].[Deceased] ([Deceased_Id], [First_Name], [Middle_Name], [Last_Name], [Date_Of_Birth], [Date_Of_Death], [Row_Number], [Location_Within_Row], [Stone_Description], [Type_Of_Burial], [Marker_Text], [Marker_Symbols], [Cemetery_Id]) VALUES (65, N'Fannie', N'S', N'Grigg', N'26 Jan 1885', N'11-Jan-37', N'7', N'3', N'N/A', N'In-Ground', NULL, NULL, 1)
INSERT INTO [dbo].[Deceased] ([Deceased_Id], [First_Name], [Middle_Name], [Last_Name], [Date_Of_Birth], [Date_Of_Death], [Row_Number], [Location_Within_Row], [Stone_Description], [Type_Of_Burial], [Marker_Text], [Marker_Symbols], [Cemetery_Id]) VALUES (66, N'Allen', NULL, N'Grimes', N'[1824]', N'11-Apr-02', N'12', N'11', N'N/A', N'In-Ground', NULL, NULL, 1)
INSERT INTO [dbo].[Deceased] ([Deceased_Id], [First_Name], [Middle_Name], [Last_Name], [Date_Of_Birth], [Date_Of_Death], [Row_Number], [Location_Within_Row], [Stone_Description], [Type_Of_Burial], [Marker_Text], [Marker_Symbols], [Cemetery_Id]) VALUES (67, N'Eugenia', N'S.', N'Grimes', N'10 Oct 1876', N'26-May-55', N'12', N'8', N'N/A', N'In-Ground', NULL, NULL, 1)
INSERT INTO [dbo].[Deceased] ([Deceased_Id], [First_Name], [Middle_Name], [Last_Name], [Date_Of_Birth], [Date_Of_Death], [Row_Number], [Location_Within_Row], [Stone_Description], [Type_Of_Burial], [Marker_Text], [Marker_Symbols], [Cemetery_Id]) VALUES (68, N'Harriet', NULL, N'Grimes', N'[1836]', N'21-Oct-16', N'15', N'NA', N'N/A', N'In-Ground', NULL, NULL, 1)
INSERT INTO [dbo].[Deceased] ([Deceased_Id], [First_Name], [Middle_Name], [Last_Name], [Date_Of_Birth], [Date_Of_Death], [Row_Number], [Location_Within_Row], [Stone_Description], [Type_Of_Burial], [Marker_Text], [Marker_Symbols], [Cemetery_Id]) VALUES (69, N'James', NULL, N'Grimes', N'[1836]', N'10-Nov-13', N'12', N'10', N'N/A', N'In-Ground', NULL, NULL, 1)
INSERT INTO [dbo].[Deceased] ([Deceased_Id], [First_Name], [Middle_Name], [Last_Name], [Date_Of_Birth], [Date_Of_Death], [Row_Number], [Location_Within_Row], [Stone_Description], [Type_Of_Burial], [Marker_Text], [Marker_Symbols], [Cemetery_Id]) VALUES (70, N'Sarah', N'Ann', N'Grimes', N'03 Aug 1839', N'09 Apr 1893', N'12', N'9', N'N/A', N'In-Ground', NULL, NULL, 1)
INSERT INTO [dbo].[Deceased] ([Deceased_Id], [First_Name], [Middle_Name], [Last_Name], [Date_Of_Birth], [Date_Of_Death], [Row_Number], [Location_Within_Row], [Stone_Description], [Type_Of_Burial], [Marker_Text], [Marker_Symbols], [Cemetery_Id]) VALUES (71, N'Lamon', NULL, N'Hale', N'', N'21 Aug 1892', N'15', N'1', N'N/A', N'In-Ground', NULL, NULL, 1)
INSERT INTO [dbo].[Deceased] ([Deceased_Id], [First_Name], [Middle_Name], [Last_Name], [Date_Of_Birth], [Date_Of_Death], [Row_Number], [Location_Within_Row], [Stone_Description], [Type_Of_Burial], [Marker_Text], [Marker_Symbols], [Cemetery_Id]) VALUES (72, N'Charlie', N'H.', N'Hammer', N'8-Jul-09', N'19-Feb-11', N'12', N'7', N'N/A', N'In-Ground', NULL, NULL, 1)
INSERT INTO [dbo].[Deceased] ([Deceased_Id], [First_Name], [Middle_Name], [Last_Name], [Date_Of_Birth], [Date_Of_Death], [Row_Number], [Location_Within_Row], [Stone_Description], [Type_Of_Burial], [Marker_Text], [Marker_Symbols], [Cemetery_Id]) VALUES (73, N'Hattie', N'M.', N'Hill', N'1913', N'2008', N'15', N'2', N'N/A', N'In-Ground', NULL, NULL, 1)
INSERT INTO [dbo].[Deceased] ([Deceased_Id], [First_Name], [Middle_Name], [Last_Name], [Date_Of_Birth], [Date_Of_Death], [Row_Number], [Location_Within_Row], [Stone_Description], [Type_Of_Burial], [Marker_Text], [Marker_Symbols], [Cemetery_Id]) VALUES (74, N'Homer', NULL, N'Hill', N'1913', N'1984', N'15', N'3', N'N/A', N'In-Ground', NULL, NULL, 1)
INSERT INTO [dbo].[Deceased] ([Deceased_Id], [First_Name], [Middle_Name], [Last_Name], [Date_Of_Birth], [Date_Of_Death], [Row_Number], [Location_Within_Row], [Stone_Description], [Type_Of_Burial], [Marker_Text], [Marker_Symbols], [Cemetery_Id]) VALUES (75, N'Arthur', N'C[lyde]', N'Horton', N'1909', N'1977', N'20', N'1', N'N/A', N'In-Ground', NULL, NULL, 1)
INSERT INTO [dbo].[Deceased] ([Deceased_Id], [First_Name], [Middle_Name], [Last_Name], [Date_Of_Birth], [Date_Of_Death], [Row_Number], [Location_Within_Row], [Stone_Description], [Type_Of_Burial], [Marker_Text], [Marker_Symbols], [Cemetery_Id]) VALUES (76, N'Orville - Sr. ', N'M[emphis]', N'Horton', N'1906', N'1977', N'21', N'1', N'N/A', N'In-Ground', NULL, NULL, 1)
INSERT INTO [dbo].[Deceased] ([Deceased_Id], [First_Name], [Middle_Name], [Last_Name], [Date_Of_Birth], [Date_Of_Death], [Row_Number], [Location_Within_Row], [Stone_Description], [Type_Of_Burial], [Marker_Text], [Marker_Symbols], [Cemetery_Id]) VALUES (77, N'Hattie', N'Helen', N'Howard', N'18 May 1885', N'5-Dec-73', N'1', N'16', N'N/A', N'In-Ground', NULL, NULL, 1)
INSERT INTO [dbo].[Deceased] ([Deceased_Id], [First_Name], [Middle_Name], [Last_Name], [Date_Of_Birth], [Date_Of_Death], [Row_Number], [Location_Within_Row], [Stone_Description], [Type_Of_Burial], [Marker_Text], [Marker_Symbols], [Cemetery_Id]) VALUES (78, N'John', N'D.', N'Howard', N'[17 Jul 1911]', N'[20 Feb 1999]', N'18', N'6', N'N/A', N'In-Ground', NULL, NULL, 1)
INSERT INTO [dbo].[Deceased] ([Deceased_Id], [First_Name], [Middle_Name], [Last_Name], [Date_Of_Birth], [Date_Of_Death], [Row_Number], [Location_Within_Row], [Stone_Description], [Type_Of_Burial], [Marker_Text], [Marker_Symbols], [Cemetery_Id]) VALUES (79, N'Thomas Rev', N'H.', N'Howard', N'1880', N'28-Nov-28', N'1', N'15', N'N/A', N'In-Ground', NULL, NULL, 1)
INSERT INTO [dbo].[Deceased] ([Deceased_Id], [First_Name], [Middle_Name], [Last_Name], [Date_Of_Birth], [Date_Of_Death], [Row_Number], [Location_Within_Row], [Stone_Description], [Type_Of_Burial], [Marker_Text], [Marker_Symbols], [Cemetery_Id]) VALUES (80, N'Bessie', N'K.', N'Hughes', N'1904', N'1936', N'1', N'3', N'N/A', N'In-Ground', NULL, NULL, 1)
INSERT INTO [dbo].[Deceased] ([Deceased_Id], [First_Name], [Middle_Name], [Last_Name], [Date_Of_Birth], [Date_Of_Death], [Row_Number], [Location_Within_Row], [Stone_Description], [Type_Of_Burial], [Marker_Text], [Marker_Symbols], [Cemetery_Id]) VALUES (81, N'Samuel', NULL, N'Hunt', N'1832', N'1886', N'13', N'9', N'N/A', N'In-Ground', NULL, NULL, 1)
INSERT INTO [dbo].[Deceased] ([Deceased_Id], [First_Name], [Middle_Name], [Last_Name], [Date_Of_Birth], [Date_Of_Death], [Row_Number], [Location_Within_Row], [Stone_Description], [Type_Of_Burial], [Marker_Text], [Marker_Symbols], [Cemetery_Id]) VALUES (82, NULL, NULL, N'Irvin', N'', N'', N'16', N'4', N'[Family Marker]', N'In-Ground', NULL, NULL, 1)
INSERT INTO [dbo].[Deceased] ([Deceased_Id], [First_Name], [Middle_Name], [Last_Name], [Date_Of_Birth], [Date_Of_Death], [Row_Number], [Location_Within_Row], [Stone_Description], [Type_Of_Burial], [Marker_Text], [Marker_Symbols], [Cemetery_Id]) VALUES (83, N'Alfred', NULL, N'Irvin', N'', N'', N'16', N'3', N'N/A', N'In-Ground', NULL, NULL, 1)
INSERT INTO [dbo].[Deceased] ([Deceased_Id], [First_Name], [Middle_Name], [Last_Name], [Date_Of_Birth], [Date_Of_Death], [Row_Number], [Location_Within_Row], [Stone_Description], [Type_Of_Burial], [Marker_Text], [Marker_Symbols], [Cemetery_Id]) VALUES (84, N'Mary', NULL, N'Irvin', N'7/6/1861', N'20-Feb-14', N'16', N'5', N'N/A', N'In-Ground', NULL, NULL, 1)
INSERT INTO [dbo].[Deceased] ([Deceased_Id], [First_Name], [Middle_Name], [Last_Name], [Date_Of_Birth], [Date_Of_Death], [Row_Number], [Location_Within_Row], [Stone_Description], [Type_Of_Burial], [Marker_Text], [Marker_Symbols], [Cemetery_Id]) VALUES (85, N'Lucinda', NULL, N'Jackson', N'9/26/1843', N'27 Jun 1898', N'17', N'5', N'N/A', N'In-Ground', NULL, NULL, 1)
INSERT INTO [dbo].[Deceased] ([Deceased_Id], [First_Name], [Middle_Name], [Last_Name], [Date_Of_Birth], [Date_Of_Death], [Row_Number], [Location_Within_Row], [Stone_Description], [Type_Of_Burial], [Marker_Text], [Marker_Symbols], [Cemetery_Id]) VALUES (86, N'George', N'Rusty', N'Johnson', N'1955', N'2013', N'8', N'1', N'N/A', N'In-Ground', NULL, NULL, 1)
INSERT INTO [dbo].[Deceased] ([Deceased_Id], [First_Name], [Middle_Name], [Last_Name], [Date_Of_Birth], [Date_Of_Death], [Row_Number], [Location_Within_Row], [Stone_Description], [Type_Of_Burial], [Marker_Text], [Marker_Symbols], [Cemetery_Id]) VALUES (87, N'Goldie', NULL, N'Johnson', N'1931', N'2012', N'8', N'2', N'N/A', N'In-Ground', NULL, NULL, 1)
INSERT INTO [dbo].[Deceased] ([Deceased_Id], [First_Name], [Middle_Name], [Last_Name], [Date_Of_Birth], [Date_Of_Death], [Row_Number], [Location_Within_Row], [Stone_Description], [Type_Of_Burial], [Marker_Text], [Marker_Symbols], [Cemetery_Id]) VALUES (88, N'Lena', N'W.', N'Johnson', N'26 May 1886', N'27-Dec-55', N'10', N'3', N'N/A', N'In-Ground', NULL, NULL, 1)
INSERT INTO [dbo].[Deceased] ([Deceased_Id], [First_Name], [Middle_Name], [Last_Name], [Date_Of_Birth], [Date_Of_Death], [Row_Number], [Location_Within_Row], [Stone_Description], [Type_Of_Burial], [Marker_Text], [Marker_Symbols], [Cemetery_Id]) VALUES (89, N'Mary', N'E.', N'Johnson', N'1856', N'1943', N'4', N'4', N'N/A', N'In-Ground', NULL, NULL, 1)
INSERT INTO [dbo].[Deceased] ([Deceased_Id], [First_Name], [Middle_Name], [Last_Name], [Date_Of_Birth], [Date_Of_Death], [Row_Number], [Location_Within_Row], [Stone_Description], [Type_Of_Burial], [Marker_Text], [Marker_Symbols], [Cemetery_Id]) VALUES (90, N'Monroe', N'A.', N'Johnson', N'24 May 1884', N'', N'10', N'2A', N'N/A', N'In-Ground', NULL, NULL, 1)
INSERT INTO [dbo].[Deceased] ([Deceased_Id], [First_Name], [Middle_Name], [Last_Name], [Date_Of_Birth], [Date_Of_Death], [Row_Number], [Location_Within_Row], [Stone_Description], [Type_Of_Burial], [Marker_Text], [Marker_Symbols], [Cemetery_Id]) VALUES (91, N'Robert', N'M.', N'Johnson', N'14-Sep-15', N'12-Dec-54', N'6', N'3', N'N/A', N'In-Ground', NULL, NULL, 1)
INSERT INTO [dbo].[Deceased] ([Deceased_Id], [First_Name], [Middle_Name], [Last_Name], [Date_Of_Birth], [Date_Of_Death], [Row_Number], [Location_Within_Row], [Stone_Description], [Type_Of_Burial], [Marker_Text], [Marker_Symbols], [Cemetery_Id]) VALUES (92, N'Margaret', N'E.', N'Jones', N'21-Aug-26', N'29-Nov-79', N'19', N'1', N'N/A', N'In-Ground', NULL, NULL, 1)
INSERT INTO [dbo].[Deceased] ([Deceased_Id], [First_Name], [Middle_Name], [Last_Name], [Date_Of_Birth], [Date_Of_Death], [Row_Number], [Location_Within_Row], [Stone_Description], [Type_Of_Burial], [Marker_Text], [Marker_Symbols], [Cemetery_Id]) VALUES (93, N'William', NULL, N'Keebler', N'1889', N'1952', N'17', N'3', N'N/A', N'In-Ground', NULL, NULL, 1)
INSERT INTO [dbo].[Deceased] ([Deceased_Id], [First_Name], [Middle_Name], [Last_Name], [Date_Of_Birth], [Date_Of_Death], [Row_Number], [Location_Within_Row], [Stone_Description], [Type_Of_Burial], [Marker_Text], [Marker_Symbols], [Cemetery_Id]) VALUES (94, N'Vertie', NULL, N'Keebler', N'1888', N'1924', N'17', N'2', N'N/A', N'In-Ground', NULL, NULL, 1)
INSERT INTO [dbo].[Deceased] ([Deceased_Id], [First_Name], [Middle_Name], [Last_Name], [Date_Of_Birth], [Date_Of_Death], [Row_Number], [Location_Within_Row], [Stone_Description], [Type_Of_Burial], [Marker_Text], [Marker_Symbols], [Cemetery_Id]) VALUES (95, N'Katie', NULL, N'Lee', N'1881', N'1957', N'8', N'4', N'N/A', N'In-Ground', NULL, NULL, 1)
INSERT INTO [dbo].[Deceased] ([Deceased_Id], [First_Name], [Middle_Name], [Last_Name], [Date_Of_Birth], [Date_Of_Death], [Row_Number], [Location_Within_Row], [Stone_Description], [Type_Of_Burial], [Marker_Text], [Marker_Symbols], [Cemetery_Id]) VALUES (96, N'Andrew', N'J.', N'Marshall', N'29 Sep 1882', N'1931', N'4', N'1', N'N/A', N'In-Ground', NULL, NULL, 1)
INSERT INTO [dbo].[Deceased] ([Deceased_Id], [First_Name], [Middle_Name], [Last_Name], [Date_Of_Birth], [Date_Of_Death], [Row_Number], [Location_Within_Row], [Stone_Description], [Type_Of_Burial], [Marker_Text], [Marker_Symbols], [Cemetery_Id]) VALUES (97, N'Charles', N'D.', N'Marshall', N'04 Apr 1880', N'22-Feb-30', N'10', N'10', N'N/A', N'In-Ground', NULL, NULL, 1)
INSERT INTO [dbo].[Deceased] ([Deceased_Id], [First_Name], [Middle_Name], [Last_Name], [Date_Of_Birth], [Date_Of_Death], [Row_Number], [Location_Within_Row], [Stone_Description], [Type_Of_Burial], [Marker_Text], [Marker_Symbols], [Cemetery_Id]) VALUES (98, N'Maude', N'G.', N'Marshall', N'09 Feb 1889', N'6-Dec-62', N'4', N'2', N'N/A', N'In-Ground', NULL, NULL, 1)
INSERT INTO [dbo].[Deceased] ([Deceased_Id], [First_Name], [Middle_Name], [Last_Name], [Date_Of_Birth], [Date_Of_Death], [Row_Number], [Location_Within_Row], [Stone_Description], [Type_Of_Burial], [Marker_Text], [Marker_Symbols], [Cemetery_Id]) VALUES (99, N'Winfield', NULL, N'Marshall', N'', N'', N'15', N'5', N'N/A', N'In-Ground', NULL, NULL, 1)
INSERT INTO [dbo].[Deceased] ([Deceased_Id], [First_Name], [Middle_Name], [Last_Name], [Date_Of_Birth], [Date_Of_Death], [Row_Number], [Location_Within_Row], [Stone_Description], [Type_Of_Burial], [Marker_Text], [Marker_Symbols], [Cemetery_Id]) VALUES (100, NULL, NULL, N'Martin', N'', N'', N'12', N'1', N'W.P. Family Mkr', N'In-Ground', NULL, NULL, 1)
INSERT INTO [dbo].[Deceased] ([Deceased_Id], [First_Name], [Middle_Name], [Last_Name], [Date_Of_Birth], [Date_Of_Death], [Row_Number], [Location_Within_Row], [Stone_Description], [Type_Of_Burial], [Marker_Text], [Marker_Symbols], [Cemetery_Id]) VALUES (101, N'W. Rev', N'P.', N'Martin', N'1874', N'1925', N'12', N'1', N'N/A', N'In-Ground', NULL, NULL, 1)
INSERT INTO [dbo].[Deceased] ([Deceased_Id], [First_Name], [Middle_Name], [Last_Name], [Date_Of_Birth], [Date_Of_Death], [Row_Number], [Location_Within_Row], [Stone_Description], [Type_Of_Burial], [Marker_Text], [Marker_Symbols], [Cemetery_Id]) VALUES (102, N'Cornelius', NULL, N'Miller', N'1883', N'1941', N'13', N'8', N'N/A', N'In-Ground', NULL, NULL, 1)
INSERT INTO [dbo].[Deceased] ([Deceased_Id], [First_Name], [Middle_Name], [Last_Name], [Date_Of_Birth], [Date_Of_Death], [Row_Number], [Location_Within_Row], [Stone_Description], [Type_Of_Burial], [Marker_Text], [Marker_Symbols], [Cemetery_Id]) VALUES (103, N'Jerry', NULL, N'Miller', N'16 Mar 1842', N'10-Aug-13', N'13', N'7', N'N/A', N'In-Ground', NULL, NULL, 1)
INSERT INTO [dbo].[Deceased] ([Deceased_Id], [First_Name], [Middle_Name], [Last_Name], [Date_Of_Birth], [Date_Of_Death], [Row_Number], [Location_Within_Row], [Stone_Description], [Type_Of_Burial], [Marker_Text], [Marker_Symbols], [Cemetery_Id]) VALUES (104, N'Sandy', N'W.', N'Pearson', N'', N'', N'6', N'4', N'N/A', N'In-Ground', NULL, NULL, 1)
INSERT INTO [dbo].[Deceased] ([Deceased_Id], [First_Name], [Middle_Name], [Last_Name], [Date_Of_Birth], [Date_Of_Death], [Row_Number], [Location_Within_Row], [Stone_Description], [Type_Of_Burial], [Marker_Text], [Marker_Symbols], [Cemetery_Id]) VALUES (105, N'Dock', NULL, N'Perry', N'15 Dec 1880', N'6-Apr-17', N'10', N'6', N'N/A', N'In-Ground', NULL, NULL, 1)
INSERT INTO [dbo].[Deceased] ([Deceased_Id], [First_Name], [Middle_Name], [Last_Name], [Date_Of_Birth], [Date_Of_Death], [Row_Number], [Location_Within_Row], [Stone_Description], [Type_Of_Burial], [Marker_Text], [Marker_Symbols], [Cemetery_Id]) VALUES (106, N'Maude', NULL, N'Price', N'', N'', N'12', N'13', N'N/A', N'In-Ground', NULL, NULL, 1)
INSERT INTO [dbo].[Deceased] ([Deceased_Id], [First_Name], [Middle_Name], [Last_Name], [Date_Of_Birth], [Date_Of_Death], [Row_Number], [Location_Within_Row], [Stone_Description], [Type_Of_Burial], [Marker_Text], [Marker_Symbols], [Cemetery_Id]) VALUES (107, N'Infant', NULL, N'Ray', N'25 Jul [1903]', N'27-Jul-03', N'12', N'14', N'N/A', N'In-Ground', NULL, NULL, 1)
INSERT INTO [dbo].[Deceased] ([Deceased_Id], [First_Name], [Middle_Name], [Last_Name], [Date_Of_Birth], [Date_Of_Death], [Row_Number], [Location_Within_Row], [Stone_Description], [Type_Of_Burial], [Marker_Text], [Marker_Symbols], [Cemetery_Id]) VALUES (108, N'Liet. A.', N'M.', N'Ray', N'1867', N'1917', N'12', N'12', N'N/A', N'In-Ground', NULL, NULL, 1)
INSERT INTO [dbo].[Deceased] ([Deceased_Id], [First_Name], [Middle_Name], [Last_Name], [Date_Of_Birth], [Date_Of_Death], [Row_Number], [Location_Within_Row], [Stone_Description], [Type_Of_Burial], [Marker_Text], [Marker_Symbols], [Cemetery_Id]) VALUES (109, N'C.', N'Douglas', N'Rhea', N'5-Feb-15', N'11-Dec-94', N'18', N'4', N'N/A', N'In-Ground', NULL, NULL, 1)
INSERT INTO [dbo].[Deceased] ([Deceased_Id], [First_Name], [Middle_Name], [Last_Name], [Date_Of_Birth], [Date_Of_Death], [Row_Number], [Location_Within_Row], [Stone_Description], [Type_Of_Burial], [Marker_Text], [Marker_Symbols], [Cemetery_Id]) VALUES (110, N'Dorothy', N'B.', N'Rhea', N'30-May-19', N'6-Apr-01', N'18', N'5', N'N/A', N'In-Ground', NULL, NULL, 1)
INSERT INTO [dbo].[Deceased] ([Deceased_Id], [First_Name], [Middle_Name], [Last_Name], [Date_Of_Birth], [Date_Of_Death], [Row_Number], [Location_Within_Row], [Stone_Description], [Type_Of_Burial], [Marker_Text], [Marker_Symbols], [Cemetery_Id]) VALUES (111, N'John', NULL, N'Rhea', N'May [?] 1887', N'18-Jul-28', N'16', N'7', N'N/A', N'In-Ground', NULL, NULL, 1)
INSERT INTO [dbo].[Deceased] ([Deceased_Id], [First_Name], [Middle_Name], [Last_Name], [Date_Of_Birth], [Date_Of_Death], [Row_Number], [Location_Within_Row], [Stone_Description], [Type_Of_Burial], [Marker_Text], [Marker_Symbols], [Cemetery_Id]) VALUES (112, N'Mildred', NULL, N'Rhea', N'1908', N'1993', N'18', N'3', N'N/A', N'In-Ground', NULL, NULL, 1)
INSERT INTO [dbo].[Deceased] ([Deceased_Id], [First_Name], [Middle_Name], [Last_Name], [Date_Of_Birth], [Date_Of_Death], [Row_Number], [Location_Within_Row], [Stone_Description], [Type_Of_Burial], [Marker_Text], [Marker_Symbols], [Cemetery_Id]) VALUES (113, N'William', N'Alfred', N'Rhea', N'06 Dec 1896', N'12 Jan 1898', N'16', N'8', N'N/A', N'In-Ground', NULL, NULL, 1)
INSERT INTO [dbo].[Deceased] ([Deceased_Id], [First_Name], [Middle_Name], [Last_Name], [Date_Of_Birth], [Date_Of_Death], [Row_Number], [Location_Within_Row], [Stone_Description], [Type_Of_Burial], [Marker_Text], [Marker_Symbols], [Cemetery_Id]) VALUES (114, N'Carrie', N'Perry', N'Russell', N'01 Apr 1886', N'22-Feb-84', N'10', N'9', N'N/A', N'In-Ground', NULL, NULL, 1)
INSERT INTO [dbo].[Deceased] ([Deceased_Id], [First_Name], [Middle_Name], [Last_Name], [Date_Of_Birth], [Date_Of_Death], [Row_Number], [Location_Within_Row], [Stone_Description], [Type_Of_Burial], [Marker_Text], [Marker_Symbols], [Cemetery_Id]) VALUES (115, N'Wincy', NULL, N'Russell', N'', N'', N'12', N'13', N'N/A', N'In-Ground', NULL, NULL, 1)
INSERT INTO [dbo].[Deceased] ([Deceased_Id], [First_Name], [Middle_Name], [Last_Name], [Date_Of_Birth], [Date_Of_Death], [Row_Number], [Location_Within_Row], [Stone_Description], [Type_Of_Burial], [Marker_Text], [Marker_Symbols], [Cemetery_Id]) VALUES (116, N'Kathleen', N'Gay', N'Rutledge', N'14-Jan-12', N'10-Mar-89', N'22', N'1', N'N/A', N'In-Ground', NULL, NULL, 1)
INSERT INTO [dbo].[Deceased] ([Deceased_Id], [First_Name], [Middle_Name], [Last_Name], [Date_Of_Birth], [Date_Of_Death], [Row_Number], [Location_Within_Row], [Stone_Description], [Type_Of_Burial], [Marker_Text], [Marker_Symbols], [Cemetery_Id]) VALUES (117, N'James', N'Paul', N'Rutledge', N'2-Jun-10', N'14-Jan-91', N'23', N'1', N'N/A', N'In-Ground', NULL, NULL, 1)
INSERT INTO [dbo].[Deceased] ([Deceased_Id], [First_Name], [Middle_Name], [Last_Name], [Date_Of_Birth], [Date_Of_Death], [Row_Number], [Location_Within_Row], [Stone_Description], [Type_Of_Burial], [Marker_Text], [Marker_Symbols], [Cemetery_Id]) VALUES (118, N'David', N'A.', N'Rutledge', N'1936', N'1995', N'25', N'1', N'N/A', N'In-Ground', NULL, NULL, 1)
INSERT INTO [dbo].[Deceased] ([Deceased_Id], [First_Name], [Middle_Name], [Last_Name], [Date_Of_Birth], [Date_Of_Death], [Row_Number], [Location_Within_Row], [Stone_Description], [Type_Of_Burial], [Marker_Text], [Marker_Symbols], [Cemetery_Id]) VALUES (119, N'Charles', N'W.', N'Ryans', N'14 Feb 1875', N'7-Sep-54', N'8', N'2', N'N/A', N'In-Ground', NULL, NULL, 1)
INSERT INTO [dbo].[Deceased] ([Deceased_Id], [First_Name], [Middle_Name], [Last_Name], [Date_Of_Birth], [Date_Of_Death], [Row_Number], [Location_Within_Row], [Stone_Description], [Type_Of_Burial], [Marker_Text], [Marker_Symbols], [Cemetery_Id]) VALUES (120, N'Mamie', N'V. Pearson', N'Ryans', N'16 Aug 1898', N'3-Apr-71', N'8', N'1', N'N/A', N'In-Ground', NULL, NULL, 1)
INSERT INTO [dbo].[Deceased] ([Deceased_Id], [First_Name], [Middle_Name], [Last_Name], [Date_Of_Birth], [Date_Of_Death], [Row_Number], [Location_Within_Row], [Stone_Description], [Type_Of_Burial], [Marker_Text], [Marker_Symbols], [Cemetery_Id]) VALUES (121, N'Rowe', NULL, N'Ryans', N'', N'', N'18', N'2', N'N/A', N'In-Ground', NULL, NULL, 1)
INSERT INTO [dbo].[Deceased] ([Deceased_Id], [First_Name], [Middle_Name], [Last_Name], [Date_Of_Birth], [Date_Of_Death], [Row_Number], [Location_Within_Row], [Stone_Description], [Type_Of_Burial], [Marker_Text], [Marker_Symbols], [Cemetery_Id]) VALUES (122, N'Rebecca', NULL, N'Sliger', N'[1815]', N'09 Jul 1890', N'12', N'16', N'N/A', N'In-Ground', NULL, NULL, 1)
INSERT INTO [dbo].[Deceased] ([Deceased_Id], [First_Name], [Middle_Name], [Last_Name], [Date_Of_Birth], [Date_Of_Death], [Row_Number], [Location_Within_Row], [Stone_Description], [Type_Of_Burial], [Marker_Text], [Marker_Symbols], [Cemetery_Id]) VALUES (123, N'Eliza', NULL, N'Smith', N'1858', N'1916', N'17', N'4', N'N/A', N'In-Ground', NULL, NULL, 1)
INSERT INTO [dbo].[Deceased] ([Deceased_Id], [First_Name], [Middle_Name], [Last_Name], [Date_Of_Birth], [Date_Of_Death], [Row_Number], [Location_Within_Row], [Stone_Description], [Type_Of_Burial], [Marker_Text], [Marker_Symbols], [Cemetery_Id]) VALUES (124, N'Brewer', NULL, N'Snow', N'1861', N'1905', N'4', N'2', N'N/A', N'In-Ground', NULL, NULL, 1)
INSERT INTO [dbo].[Deceased] ([Deceased_Id], [First_Name], [Middle_Name], [Last_Name], [Date_Of_Birth], [Date_Of_Death], [Row_Number], [Location_Within_Row], [Stone_Description], [Type_Of_Burial], [Marker_Text], [Marker_Symbols], [Cemetery_Id]) VALUES (125, NULL, NULL, N'Snow', N'', N'', N'4', N'3', N'N/A', N'In-Ground', NULL, NULL, 1)
INSERT INTO [dbo].[Deceased] ([Deceased_Id], [First_Name], [Middle_Name], [Last_Name], [Date_Of_Birth], [Date_Of_Death], [Row_Number], [Location_Within_Row], [Stone_Description], [Type_Of_Burial], [Marker_Text], [Marker_Symbols], [Cemetery_Id]) VALUES (126, N'Rect.? [Rector]', NULL, N'Stephen[son]', N'2-Apr-10', N'1-Sep-30', N'5', N'1', N'N/A', N'In-Ground', NULL, NULL, 1)
INSERT INTO [dbo].[Deceased] ([Deceased_Id], [First_Name], [Middle_Name], [Last_Name], [Date_Of_Birth], [Date_Of_Death], [Row_Number], [Location_Within_Row], [Stone_Description], [Type_Of_Burial], [Marker_Text], [Marker_Symbols], [Cemetery_Id]) VALUES (127, N'David', NULL, N'Stephenz', N'', N'1918', N'14', N'3', N'N/A', N'In-Ground', NULL, NULL, 1)
INSERT INTO [dbo].[Deceased] ([Deceased_Id], [First_Name], [Middle_Name], [Last_Name], [Date_Of_Birth], [Date_Of_Death], [Row_Number], [Location_Within_Row], [Stone_Description], [Type_Of_Burial], [Marker_Text], [Marker_Symbols], [Cemetery_Id]) VALUES (128, N'Ed', NULL, N'Stevenz', N'', N'1938', N'14', N'2', N'N/A', N'In-Ground', NULL, NULL, 1)
INSERT INTO [dbo].[Deceased] ([Deceased_Id], [First_Name], [Middle_Name], [Last_Name], [Date_Of_Birth], [Date_Of_Death], [Row_Number], [Location_Within_Row], [Stone_Description], [Type_Of_Burial], [Marker_Text], [Marker_Symbols], [Cemetery_Id]) VALUES (129, N'Nancy', NULL, N'Stuart', N'[1811]', N'[1894]', N'14', N'1', N'N/A', N'In-Ground', NULL, NULL, 1)
INSERT INTO [dbo].[Deceased] ([Deceased_Id], [First_Name], [Middle_Name], [Last_Name], [Date_Of_Birth], [Date_Of_Death], [Row_Number], [Location_Within_Row], [Stone_Description], [Type_Of_Burial], [Marker_Text], [Marker_Symbols], [Cemetery_Id]) VALUES (130, N'Edward', NULL, N'Stuart', N'1852', N'1914', N'17', N'7', N'N/A', N'In-Ground', NULL, NULL, 1)
INSERT INTO [dbo].[Deceased] ([Deceased_Id], [First_Name], [Middle_Name], [Last_Name], [Date_Of_Birth], [Date_Of_Death], [Row_Number], [Location_Within_Row], [Stone_Description], [Type_Of_Burial], [Marker_Text], [Marker_Symbols], [Cemetery_Id]) VALUES (131, N'Georgia', N'May', N'Stuart', N'03 May 1883', N'11-May-06', N'13', N'1', N'N/A', N'In-Ground', NULL, NULL, 1)
INSERT INTO [dbo].[Deceased] ([Deceased_Id], [First_Name], [Middle_Name], [Last_Name], [Date_Of_Birth], [Date_Of_Death], [Row_Number], [Location_Within_Row], [Stone_Description], [Type_Of_Burial], [Marker_Text], [Marker_Symbols], [Cemetery_Id]) VALUES (132, N'Lettie', NULL, N'Stuart', N'1862', N'[07 Apr 1929]', N'17', N'6', N'N/A', N'In-Ground', NULL, NULL, 1)
INSERT INTO [dbo].[Deceased] ([Deceased_Id], [First_Name], [Middle_Name], [Last_Name], [Date_Of_Birth], [Date_Of_Death], [Row_Number], [Location_Within_Row], [Stone_Description], [Type_Of_Burial], [Marker_Text], [Marker_Symbols], [Cemetery_Id]) VALUES (133, N'John', N'M.', N'Taylor', N'18 Feb 1845', N'27-Sep-09', N'17', N'1', N'N/A', N'In-Ground', NULL, NULL, 1)
INSERT INTO [dbo].[Deceased] ([Deceased_Id], [First_Name], [Middle_Name], [Last_Name], [Date_Of_Birth], [Date_Of_Death], [Row_Number], [Location_Within_Row], [Stone_Description], [Type_Of_Burial], [Marker_Text], [Marker_Symbols], [Cemetery_Id]) VALUES (134, N'Martha', N'A.', N'Taylor', N'17 Mar 1850', N'6-Dec-11', N'17', N'1', N'N/A', N'In-Ground', NULL, NULL, 1)
INSERT INTO [dbo].[Deceased] ([Deceased_Id], [First_Name], [Middle_Name], [Last_Name], [Date_Of_Birth], [Date_Of_Death], [Row_Number], [Location_Within_Row], [Stone_Description], [Type_Of_Burial], [Marker_Text], [Marker_Symbols], [Cemetery_Id]) VALUES (135, NULL, NULL, N'Unknown', N'', N'', N'1', N'7', N'2 Conc Mkrs', N'In-Ground', NULL, NULL, 1)
INSERT INTO [dbo].[Deceased] ([Deceased_Id], [First_Name], [Middle_Name], [Last_Name], [Date_Of_Birth], [Date_Of_Death], [Row_Number], [Location_Within_Row], [Stone_Description], [Type_Of_Burial], [Marker_Text], [Marker_Symbols], [Cemetery_Id]) VALUES (136, NULL, NULL, N'Unknown', N'', N'', N'9', N'2', N'4" Conc Cap Blk', N'In-Ground', NULL, NULL, 1)
INSERT INTO [dbo].[Deceased] ([Deceased_Id], [First_Name], [Middle_Name], [Last_Name], [Date_Of_Birth], [Date_Of_Death], [Row_Number], [Location_Within_Row], [Stone_Description], [Type_Of_Burial], [Marker_Text], [Marker_Symbols], [Cemetery_Id]) VALUES (137, NULL, NULL, N'Unknown', N'', N'', N'18', N'1', N'4" Conc Cap Blk', N'In-Ground', NULL, NULL, 1)
INSERT INTO [dbo].[Deceased] ([Deceased_Id], [First_Name], [Middle_Name], [Last_Name], [Date_Of_Birth], [Date_Of_Death], [Row_Number], [Location_Within_Row], [Stone_Description], [Type_Of_Burial], [Marker_Text], [Marker_Symbols], [Cemetery_Id]) VALUES (138, NULL, NULL, N'Unknown', N'', N'', N'6', N'5', N'Block', N'In-Ground', NULL, NULL, 1)
INSERT INTO [dbo].[Deceased] ([Deceased_Id], [First_Name], [Middle_Name], [Last_Name], [Date_Of_Birth], [Date_Of_Death], [Row_Number], [Location_Within_Row], [Stone_Description], [Type_Of_Burial], [Marker_Text], [Marker_Symbols], [Cemetery_Id]) VALUES (139, NULL, NULL, N'Unknown', N'', N'', N'6', N'6', N'Block', N'In-Ground', NULL, NULL, 1)
INSERT INTO [dbo].[Deceased] ([Deceased_Id], [First_Name], [Middle_Name], [Last_Name], [Date_Of_Birth], [Date_Of_Death], [Row_Number], [Location_Within_Row], [Stone_Description], [Type_Of_Burial], [Marker_Text], [Marker_Symbols], [Cemetery_Id]) VALUES (140, NULL, NULL, N'Unknown', N'', N'', N'1', N'11', N'Fieldstone', N'In-Ground', NULL, NULL, 1)
INSERT INTO [dbo].[Deceased] ([Deceased_Id], [First_Name], [Middle_Name], [Last_Name], [Date_Of_Birth], [Date_Of_Death], [Row_Number], [Location_Within_Row], [Stone_Description], [Type_Of_Burial], [Marker_Text], [Marker_Symbols], [Cemetery_Id]) VALUES (141, NULL, NULL, N'Unknown', N'', N'', N'5', N'3', N'Fieldstone', N'In-Ground', NULL, NULL, 1)
INSERT INTO [dbo].[Deceased] ([Deceased_Id], [First_Name], [Middle_Name], [Last_Name], [Date_Of_Birth], [Date_Of_Death], [Row_Number], [Location_Within_Row], [Stone_Description], [Type_Of_Burial], [Marker_Text], [Marker_Symbols], [Cemetery_Id]) VALUES (142, NULL, NULL, N'Unknown', N'', N'', N'5', N'4', N'Fieldstone', N'In-Ground', NULL, NULL, 1)
INSERT INTO [dbo].[Deceased] ([Deceased_Id], [First_Name], [Middle_Name], [Last_Name], [Date_Of_Birth], [Date_Of_Death], [Row_Number], [Location_Within_Row], [Stone_Description], [Type_Of_Burial], [Marker_Text], [Marker_Symbols], [Cemetery_Id]) VALUES (143, NULL, NULL, N'Unknown', N'', N'', N'12', N'17', N'Fieldstone', N'In-Ground', NULL, NULL, 1)
INSERT INTO [dbo].[Deceased] ([Deceased_Id], [First_Name], [Middle_Name], [Last_Name], [Date_Of_Birth], [Date_Of_Death], [Row_Number], [Location_Within_Row], [Stone_Description], [Type_Of_Burial], [Marker_Text], [Marker_Symbols], [Cemetery_Id]) VALUES (144, NULL, NULL, N'Unknown', N'', N'', N'14', N'4', N'Fieldstone', N'In-Ground', NULL, NULL, 1)
INSERT INTO [dbo].[Deceased] ([Deceased_Id], [First_Name], [Middle_Name], [Last_Name], [Date_Of_Birth], [Date_Of_Death], [Row_Number], [Location_Within_Row], [Stone_Description], [Type_Of_Burial], [Marker_Text], [Marker_Symbols], [Cemetery_Id]) VALUES (145, NULL, NULL, N'Unknown', N'', N'', N'14', N'5', N'Fieldstone', N'In-Ground', NULL, NULL, 1)
INSERT INTO [dbo].[Deceased] ([Deceased_Id], [First_Name], [Middle_Name], [Last_Name], [Date_Of_Birth], [Date_Of_Death], [Row_Number], [Location_Within_Row], [Stone_Description], [Type_Of_Burial], [Marker_Text], [Marker_Symbols], [Cemetery_Id]) VALUES (146, NULL, NULL, N'Unknown', N'', N'', N'15', N'4', N'NFieldstone', N'In-Ground', NULL, NULL, 1)
INSERT INTO [dbo].[Deceased] ([Deceased_Id], [First_Name], [Middle_Name], [Last_Name], [Date_Of_Birth], [Date_Of_Death], [Row_Number], [Location_Within_Row], [Stone_Description], [Type_Of_Burial], [Marker_Text], [Marker_Symbols], [Cemetery_Id]) VALUES (147, NULL, NULL, N'Unknown', N'', N'', N'15', N'14', N'Fieldstone', N'In-Ground', NULL, NULL, 1)
INSERT INTO [dbo].[Deceased] ([Deceased_Id], [First_Name], [Middle_Name], [Last_Name], [Date_Of_Birth], [Date_Of_Death], [Row_Number], [Location_Within_Row], [Stone_Description], [Type_Of_Burial], [Marker_Text], [Marker_Symbols], [Cemetery_Id]) VALUES (148, NULL, NULL, N'Unknown', N'', N'', N'17', N'8', N'Fieldstone', N'In-Ground', NULL, NULL, 1)
INSERT INTO [dbo].[Deceased] ([Deceased_Id], [First_Name], [Middle_Name], [Last_Name], [Date_Of_Birth], [Date_Of_Death], [Row_Number], [Location_Within_Row], [Stone_Description], [Type_Of_Burial], [Marker_Text], [Marker_Symbols], [Cemetery_Id]) VALUES (149, NULL, NULL, N'Unknown', N'', N'', N'10', N'8', N'Lg Perry Mkr', N'In-Ground', NULL, NULL, 1)
INSERT INTO [dbo].[Deceased] ([Deceased_Id], [First_Name], [Middle_Name], [Last_Name], [Date_Of_Birth], [Date_Of_Death], [Row_Number], [Location_Within_Row], [Stone_Description], [Type_Of_Burial], [Marker_Text], [Marker_Symbols], [Cemetery_Id]) VALUES (150, NULL, NULL, N'Unknown', N'', N'', N'11', N'1', N'Lg Unfaced Mkr', N'In-Ground', NULL, NULL, 1)
INSERT INTO [dbo].[Deceased] ([Deceased_Id], [First_Name], [Middle_Name], [Last_Name], [Date_Of_Birth], [Date_Of_Death], [Row_Number], [Location_Within_Row], [Stone_Description], [Type_Of_Burial], [Marker_Text], [Marker_Symbols], [Cemetery_Id]) VALUES (151, NULL, NULL, N'Unknown', N'', N'', N'11', N'2', N'Lg Unfaced Mkr', N'In-Ground', NULL, NULL, 1)
INSERT INTO [dbo].[Deceased] ([Deceased_Id], [First_Name], [Middle_Name], [Last_Name], [Date_Of_Birth], [Date_Of_Death], [Row_Number], [Location_Within_Row], [Stone_Description], [Type_Of_Burial], [Marker_Text], [Marker_Symbols], [Cemetery_Id]) VALUES (152, NULL, NULL, N'Unknown', N'', N'', N'24', N'1', N'Unreadable funeral home marker', N'In-Ground', NULL, NULL, 1)
INSERT INTO [dbo].[Deceased] ([Deceased_Id], [First_Name], [Middle_Name], [Last_Name], [Date_Of_Birth], [Date_Of_Death], [Row_Number], [Location_Within_Row], [Stone_Description], [Type_Of_Burial], [Marker_Text], [Marker_Symbols], [Cemetery_Id]) VALUES (153, NULL, NULL, N'Unknown', N'', N'', N'16', N'1', N'Upward Finger', N'In-Ground', NULL, NULL, 1)
INSERT INTO [dbo].[Deceased] ([Deceased_Id], [First_Name], [Middle_Name], [Last_Name], [Date_Of_Birth], [Date_Of_Death], [Row_Number], [Location_Within_Row], [Stone_Description], [Type_Of_Burial], [Marker_Text], [Marker_Symbols], [Cemetery_Id]) VALUES (154, N'Henry', N'C.', N'Vaught', N'23 Mar 1894', N'', N'10', N'5', N'N/A', N'In-Ground', NULL, NULL, 1)
INSERT INTO [dbo].[Deceased] ([Deceased_Id], [First_Name], [Middle_Name], [Last_Name], [Date_Of_Birth], [Date_Of_Death], [Row_Number], [Location_Within_Row], [Stone_Description], [Type_Of_Burial], [Marker_Text], [Marker_Symbols], [Cemetery_Id]) VALUES (155, N'Martha', N'V.', N'Vaught', N'24 Jun 1884', N'28-Nov-63', N'10', N'4', N'N/A', N'In-Ground', NULL, NULL, 1)
INSERT INTO [dbo].[Deceased] ([Deceased_Id], [First_Name], [Middle_Name], [Last_Name], [Date_Of_Birth], [Date_Of_Death], [Row_Number], [Location_Within_Row], [Stone_Description], [Type_Of_Burial], [Marker_Text], [Marker_Symbols], [Cemetery_Id]) VALUES (156, N'Lewis', N'M.', N'Walker', N'1868', N'19---', N'13', N'10', N'N/A', N'In-Ground', NULL, NULL, 1)
INSERT INTO [dbo].[Deceased] ([Deceased_Id], [First_Name], [Middle_Name], [Last_Name], [Date_Of_Birth], [Date_Of_Death], [Row_Number], [Location_Within_Row], [Stone_Description], [Type_Of_Burial], [Marker_Text], [Marker_Symbols], [Cemetery_Id]) VALUES (157, N'Mary', N'E.', N'Walker', N'1852', N'1933', N'13', N'11', N'N/A', N'In-Ground', NULL, NULL, 1)
INSERT INTO [dbo].[Deceased] ([Deceased_Id], [First_Name], [Middle_Name], [Last_Name], [Date_Of_Birth], [Date_Of_Death], [Row_Number], [Location_Within_Row], [Stone_Description], [Type_Of_Burial], [Marker_Text], [Marker_Symbols], [Cemetery_Id]) VALUES (158, N'William', N'Howell', N'Yancey', N'15 Feb 1962 [1860]', N'5-Jan-27', N'15', N'13', N'N/A', N'In-Ground', NULL, NULL, 1)
INSERT INTO [dbo].[Deceased] ([Deceased_Id], [First_Name], [Middle_Name], [Last_Name], [Date_Of_Birth], [Date_Of_Death], [Row_Number], [Location_Within_Row], [Stone_Description], [Type_Of_Burial], [Marker_Text], [Marker_Symbols], [Cemetery_Id]) VALUES (159, N'Deana', NULL, N'Young', N'[1835]', N'1895', N'10', N'12', N'N/A', N'In-Ground', NULL, NULL, 1)
INSERT INTO [dbo].[Deceased] ([Deceased_Id], [First_Name], [Middle_Name], [Last_Name], [Date_Of_Birth], [Date_Of_Death], [Row_Number], [Location_Within_Row], [Stone_Description], [Type_Of_Burial], [Marker_Text], [Marker_Symbols], [Cemetery_Id]) VALUES (160, N'Josh', N'A', N'Bowers', N'1981 09 11', N'2015 04 20', N'5', N'20', N'Stone', N'In-Ground', N'Here lies Josh', N'Binary Code', 2)
INSERT INTO [dbo].[Deceased] ([Deceased_Id], [First_Name], [Middle_Name], [Last_Name], [Date_Of_Birth], [Date_Of_Death], [Row_Number], [Location_Within_Row], [Stone_Description], [Type_Of_Burial], [Marker_Text], [Marker_Symbols], [Cemetery_Id]) VALUES (161, N'Priscilla', N'A', N'Trent', N'1978 03 03', N'2015 04 20', N'5', N'21', N'Stone', N'In-Ground', N'Here be Cill', NULL, 2)
INSERT INTO [dbo].[Deceased] ([Deceased_Id], [First_Name], [Middle_Name], [Last_Name], [Date_Of_Birth], [Date_Of_Death], [Row_Number], [Location_Within_Row], [Stone_Description], [Type_Of_Burial], [Marker_Text], [Marker_Symbols], [Cemetery_Id]) VALUES (164, N'C.', NULL, N'L.', N'[No date]', N'18 F 1818', N'N/A', N'N/A', N'Carved on a Stalactite', N'In-Ground', NULL, NULL, 3)
INSERT INTO [dbo].[Deceased] ([Deceased_Id], [First_Name], [Middle_Name], [Last_Name], [Date_Of_Birth], [Date_Of_Death], [Row_Number], [Location_Within_Row], [Stone_Description], [Type_Of_Burial], [Marker_Text], [Marker_Symbols], [Cemetery_Id]) VALUES (165, N'Olla', N'Dora', N'Ervin', N'05 Nov 1876', N'13 Jun 1881', N'N/A', N'N/A', N'N/A', N'In-Ground', N'Daughter of Danil & Amanda Ervin', NULL, 3)
INSERT INTO [dbo].[Deceased] ([Deceased_Id], [First_Name], [Middle_Name], [Last_Name], [Date_Of_Birth], [Date_Of_Death], [Row_Number], [Location_Within_Row], [Stone_Description], [Type_Of_Burial], [Marker_Text], [Marker_Symbols], [Cemetery_Id]) VALUES (166, N'J.', N'C.', N'Geyer', N'23 Feb 1827', N'13 Sep 1828', N'N/A', N'N/A', N'N/A', N'In-Ground', NULL, NULL, 3)
INSERT INTO [dbo].[Deceased] ([Deceased_Id], [First_Name], [Middle_Name], [Last_Name], [Date_Of_Birth], [Date_Of_Death], [Row_Number], [Location_Within_Row], [Stone_Description], [Type_Of_Burial], [Marker_Text], [Marker_Symbols], [Cemetery_Id]) VALUES (167, N'Mary', N'E.', N'Grills', N'04 Jan 1827', N'18 Nov 1878', N'N/A', N'N/A', N'N/A', N'In-Ground', N'Wife of W. M. Grills', NULL, 3)
INSERT INTO [dbo].[Deceased] ([Deceased_Id], [First_Name], [Middle_Name], [Last_Name], [Date_Of_Birth], [Date_Of_Death], [Row_Number], [Location_Within_Row], [Stone_Description], [Type_Of_Burial], [Marker_Text], [Marker_Symbols], [Cemetery_Id]) VALUES (168, N'William', N'M.', N'Grills', N'05 May 1817', N'18 Jul 1899', N'N/A', N'N/A', N'18 Jul 1899', N'In-Ground', NULL, NULL, 3)
INSERT INTO [dbo].[Deceased] ([Deceased_Id], [First_Name], [Middle_Name], [Last_Name], [Date_Of_Birth], [Date_Of_Death], [Row_Number], [Location_Within_Row], [Stone_Description], [Type_Of_Burial], [Marker_Text], [Marker_Symbols], [Cemetery_Id]) VALUES (169, N'C.', N'A.', N'Gyer', N'[No date]', N'10 Jul 1805', N'N/A', N'N/A', N'N/A', N'In-Ground', NULL, NULL, 3)
INSERT INTO [dbo].[Deceased] ([Deceased_Id], [First_Name], [Middle_Name], [Last_Name], [Date_Of_Birth], [Date_Of_Death], [Row_Number], [Location_Within_Row], [Stone_Description], [Type_Of_Burial], [Marker_Text], [Marker_Symbols], [Cemetery_Id]) VALUES (170, N'John', NULL, N'Gyer', N'[No date]', N'27 Feb 1829', N'N/A', N'N/A', N'N/A', N'In-Ground', N'Died in his 87th years', NULL, 3)
INSERT INTO [dbo].[Deceased] ([Deceased_Id], [First_Name], [Middle_Name], [Last_Name], [Date_Of_Birth], [Date_Of_Death], [Row_Number], [Location_Within_Row], [Stone_Description], [Type_Of_Burial], [Marker_Text], [Marker_Symbols], [Cemetery_Id]) VALUES (171, N'H.', NULL, N'G.', N'[No date]', N'02 Jun 1812', N'N/A', N'N/A', N'N/A', N'In-Ground', NULL, NULL, 3)
INSERT INTO [dbo].[Deceased] ([Deceased_Id], [First_Name], [Middle_Name], [Last_Name], [Date_Of_Birth], [Date_Of_Death], [Row_Number], [Location_Within_Row], [Stone_Description], [Type_Of_Burial], [Marker_Text], [Marker_Symbols], [Cemetery_Id]) VALUES (172, N'H.', NULL, N'W.', N'[No date]', N'[No date]', N'N/A', N'N/A', N'N/A', N'In-Ground', NULL, NULL, 3)
INSERT INTO [dbo].[Deceased] ([Deceased_Id], [First_Name], [Middle_Name], [Last_Name], [Date_Of_Birth], [Date_Of_Death], [Row_Number], [Location_Within_Row], [Stone_Description], [Type_Of_Burial], [Marker_Text], [Marker_Symbols], [Cemetery_Id]) VALUES (173, N'Rebecca', NULL, N'Helton', N'1815', N'bef. 1870', N'N/A', N'N/A', N'N/A', N'In-Ground', N'Wife of William Helton', NULL, 3)
INSERT INTO [dbo].[Deceased] ([Deceased_Id], [First_Name], [Middle_Name], [Last_Name], [Date_Of_Birth], [Date_Of_Death], [Row_Number], [Location_Within_Row], [Stone_Description], [Type_Of_Burial], [Marker_Text], [Marker_Symbols], [Cemetery_Id]) VALUES (174, N'Fred', N'R.', N'Hilton', N'11 May 1907', N'05 Apr 1934', N'N/A', N'N/A', N'N/A', N'In-Ground', NULL, NULL, 3)
INSERT INTO [dbo].[Deceased] ([Deceased_Id], [First_Name], [Middle_Name], [Last_Name], [Date_Of_Birth], [Date_Of_Death], [Row_Number], [Location_Within_Row], [Stone_Description], [Type_Of_Burial], [Marker_Text], [Marker_Symbols], [Cemetery_Id]) VALUES (175, N'Jerimiah', NULL, N'Hilton', N'20 May 1870', N'26 Jul 1937', N'N/A', N'N/A', N'N/A', N'In-Ground', NULL, NULL, 3)
INSERT INTO [dbo].[Deceased] ([Deceased_Id], [First_Name], [Middle_Name], [Last_Name], [Date_Of_Birth], [Date_Of_Death], [Row_Number], [Location_Within_Row], [Stone_Description], [Type_Of_Burial], [Marker_Text], [Marker_Symbols], [Cemetery_Id]) VALUES (176, N'John', N'Preston', N'Hilton', N'[No date]', N'23 Dec 1919', N'N/A', N'N/A', N'N/A', N'In-Ground', N'Tennessee Corpl. 50 Inf.', NULL, 3)
INSERT INTO [dbo].[Deceased] ([Deceased_Id], [First_Name], [Middle_Name], [Last_Name], [Date_Of_Birth], [Date_Of_Death], [Row_Number], [Location_Within_Row], [Stone_Description], [Type_Of_Burial], [Marker_Text], [Marker_Symbols], [Cemetery_Id]) VALUES (177, N'J.', NULL, N'G.', N'[No date]', N'1828', N'N/A', N'N/A', N'N/A', N'In-Ground', NULL, NULL, 3)
INSERT INTO [dbo].[Deceased] ([Deceased_Id], [First_Name], [Middle_Name], [Last_Name], [Date_Of_Birth], [Date_Of_Death], [Row_Number], [Location_Within_Row], [Stone_Description], [Type_Of_Burial], [Marker_Text], [Marker_Symbols], [Cemetery_Id]) VALUES (178, N'J.', NULL, N'G.', N'[No date]', N'18 Jun 1787', N'N/A', N'N/A', N'N/A', N'In-Ground', NULL, NULL, 3)
INSERT INTO [dbo].[Deceased] ([Deceased_Id], [First_Name], [Middle_Name], [Last_Name], [Date_Of_Birth], [Date_Of_Death], [Row_Number], [Location_Within_Row], [Stone_Description], [Type_Of_Burial], [Marker_Text], [Marker_Symbols], [Cemetery_Id]) VALUES (179, N'Benjamin', N'Eugene', N'Reid', N'22 Sep 1888', N'26 Sep 1888', N'N/A', N'N/A', N'N/A', N'In-Ground', N'Son of R. B. and M. M. Reid', NULL, 3)
INSERT INTO [dbo].[Deceased] ([Deceased_Id], [First_Name], [Middle_Name], [Last_Name], [Date_Of_Birth], [Date_Of_Death], [Row_Number], [Location_Within_Row], [Stone_Description], [Type_Of_Burial], [Marker_Text], [Marker_Symbols], [Cemetery_Id]) VALUES (180, NULL, NULL, N'Templin', N'16 Aug187?', N'? 21, 187?', N'N/A', N'N/A', N'[Stone is broken and inscription is almost completely gone]', N'In-Ground', NULL, NULL, 3)
INSERT INTO [dbo].[Deceased] ([Deceased_Id], [First_Name], [Middle_Name], [Last_Name], [Date_Of_Birth], [Date_Of_Death], [Row_Number], [Location_Within_Row], [Stone_Description], [Type_Of_Burial], [Marker_Text], [Marker_Symbols], [Cemetery_Id]) VALUES (181, N'Alylouisa', N'Ann', N'Templin', N'11 Aug 1862', N'30 Jan 1871', N'N/A', N'N/A', N'[Marker is broken with pieces missing]', N'In-Ground', N'Daughter of B.F.(T? JAB) and R. Templin', NULL, 3)
INSERT INTO [dbo].[Deceased] ([Deceased_Id], [First_Name], [Middle_Name], [Last_Name], [Date_Of_Birth], [Date_Of_Death], [Row_Number], [Location_Within_Row], [Stone_Description], [Type_Of_Burial], [Marker_Text], [Marker_Symbols], [Cemetery_Id]) VALUES (182, N'Benjamin', N'T.', N'Templin', N'21 Feb 1827', N'27 Jul 1877', N'N/A', N'N/A', N'N/A', N'In-Ground', N'50Y, 5M & 6D', NULL, 3)
INSERT INTO [dbo].[Deceased] ([Deceased_Id], [First_Name], [Middle_Name], [Last_Name], [Date_Of_Birth], [Date_Of_Death], [Row_Number], [Location_Within_Row], [Stone_Description], [Type_Of_Burial], [Marker_Text], [Marker_Symbols], [Cemetery_Id]) VALUES (183, N'Clarinda', NULL, N'Templin', N'24 Jan 1818', N'21 Aug 1884', N'N/A', N'N/A', N'N/A', N'In-Ground', N'Wife of Isaac Templin', NULL, 3)
INSERT INTO [dbo].[Deceased] ([Deceased_Id], [First_Name], [Middle_Name], [Last_Name], [Date_Of_Birth], [Date_Of_Death], [Row_Number], [Location_Within_Row], [Stone_Description], [Type_Of_Burial], [Marker_Text], [Marker_Symbols], [Cemetery_Id]) VALUES (184, N'Eugenia', N'E.', N'Templin', N'11 Jul 1860', N'24 Nov 1862', N'N/A', N'N/A', N'[Shares marker with Lodora Templin]', N'In-Ground', N'Daughter of B. T. and R. Templin', NULL, 3)
INSERT INTO [dbo].[Deceased] ([Deceased_Id], [First_Name], [Middle_Name], [Last_Name], [Date_Of_Birth], [Date_Of_Death], [Row_Number], [Location_Within_Row], [Stone_Description], [Type_Of_Burial], [Marker_Text], [Marker_Symbols], [Cemetery_Id]) VALUES (185, N'Isaac', NULL, N'Templin', N'19 Aug 1811', N'22 Jul 1850', N'N/A', N'N/A', N'N/A', N'In-Ground', N'Age 38y, 11m, 3d', NULL, 3)
INSERT INTO [dbo].[Deceased] ([Deceased_Id], [First_Name], [Middle_Name], [Last_Name], [Date_Of_Birth], [Date_Of_Death], [Row_Number], [Location_Within_Row], [Stone_Description], [Type_Of_Burial], [Marker_Text], [Marker_Symbols], [Cemetery_Id]) VALUES (186, N'Ladora', NULL, N'Templin', N'01 Mr 1856', N'24 Nov 1862', N'N/A', N'N/A', N'[Shares marker with Eugenia E. Templin. Both girls died the same day]', N'In-Ground', N'Daugther of B.F. and R Templin', NULL, 3)
INSERT INTO [dbo].[Deceased] ([Deceased_Id], [First_Name], [Middle_Name], [Last_Name], [Date_Of_Birth], [Date_Of_Death], [Row_Number], [Location_Within_Row], [Stone_Description], [Type_Of_Burial], [Marker_Text], [Marker_Symbols], [Cemetery_Id]) VALUES (187, N'Rebecca', N'Taylor', N'Templin', N'15 Jan 1835', N'18 Jan 1909', N'N/A', N'N/A', N'N/A', N'In-Ground', NULL, NULL, 3)
INSERT INTO [dbo].[Deceased] ([Deceased_Id], [First_Name], [Middle_Name], [Last_Name], [Date_Of_Birth], [Date_Of_Death], [Row_Number], [Location_Within_Row], [Stone_Description], [Type_Of_Burial], [Marker_Text], [Marker_Symbols], [Cemetery_Id]) VALUES (188, N'W.', NULL, N'H.', N'[No date]', N'04 Feb 1885', N'N/A', N'N/A', N'N/A', N'In-Ground', N'[William Helton]', NULL, 3)
INSERT INTO [dbo].[Deceased] ([Deceased_Id], [First_Name], [Middle_Name], [Last_Name], [Date_Of_Birth], [Date_Of_Death], [Row_Number], [Location_Within_Row], [Stone_Description], [Type_Of_Burial], [Marker_Text], [Marker_Symbols], [Cemetery_Id]) VALUES (189, N'Freddit', NULL, N'Whaley', N'29 Aug 1884', N'24 Jul 1885', N'N/A', N'N/A', N'N/A', N'In-Ground', N'Son of Mr. & Mrs. R. W. Whaley', NULL, 3)
INSERT INTO [dbo].[Deceased] ([Deceased_Id], [First_Name], [Middle_Name], [Last_Name], [Date_Of_Birth], [Date_Of_Death], [Row_Number], [Location_Within_Row], [Stone_Description], [Type_Of_Burial], [Marker_Text], [Marker_Symbols], [Cemetery_Id]) VALUES (190, N'John', NULL, N'White', N'01 Apr 1823', N'28 Jun 1877', N'N/A', N'N/A', N'N/A', N'In-Ground', N'Ag’d 54Y’s, 2m’s, & 27D’s', NULL, 3)
INSERT INTO [dbo].[Deceased] ([Deceased_Id], [First_Name], [Middle_Name], [Last_Name], [Date_Of_Birth], [Date_Of_Death], [Row_Number], [Location_Within_Row], [Stone_Description], [Type_Of_Burial], [Marker_Text], [Marker_Symbols], [Cemetery_Id]) VALUES (191, N'Nancy', NULL, N'White', N'[No date]', N'11 Mar 1848', N'N/A', N'N/A', N'N/A', N'In-Ground', N'Consort of Jacob White Age 53 years', NULL, 3)
SET IDENTITY_INSERT [dbo].[Deceased] OFF

SET IDENTITY_INSERT [dbo].[Related] ON
INSERT INTO [dbo].[Related] ([Related_Id], [Deceased_Id], [Deceased_Relative_Id], [Relationship]) VALUES (1, 160, 161, N'Wife')
INSERT INTO [dbo].[Related] ([Related_Id], [Deceased_Id], [Deceased_Relative_Id], [Relationship]) VALUES (2, 161, 160, N'Husband')
INSERT INTO [dbo].[Related] ([Related_Id], [Deceased_Id], [Deceased_Relative_Id], [Relationship]) VALUES (5, 167, 168, N'Husband')
INSERT INTO [dbo].[Related] ([Related_Id], [Deceased_Id], [Deceased_Relative_Id], [Relationship]) VALUES (6, 168, 167, N'Wife')
INSERT INTO [dbo].[Related] ([Related_Id], [Deceased_Id], [Deceased_Relative_Id], [Relationship]) VALUES (7, 181, 182, N'Father')
INSERT INTO [dbo].[Related] ([Related_Id], [Deceased_Id], [Deceased_Relative_Id], [Relationship]) VALUES (8, 181, 187, N'Mother')
INSERT INTO [dbo].[Related] ([Related_Id], [Deceased_Id], [Deceased_Relative_Id], [Relationship]) VALUES (9, 184, 182, N'Father')
INSERT INTO [dbo].[Related] ([Related_Id], [Deceased_Id], [Deceased_Relative_Id], [Relationship]) VALUES (10, 184, 187, N'Mother')
INSERT INTO [dbo].[Related] ([Related_Id], [Deceased_Id], [Deceased_Relative_Id], [Relationship]) VALUES (11, 186, 182, N'Father')
INSERT INTO [dbo].[Related] ([Related_Id], [Deceased_Id], [Deceased_Relative_Id], [Relationship]) VALUES (12, 186, 187, N'Mother')
INSERT INTO [dbo].[Related] ([Related_Id], [Deceased_Id], [Deceased_Relative_Id], [Relationship]) VALUES (13, 185, 183, N'Wife')
INSERT INTO [dbo].[Related] ([Related_Id], [Deceased_Id], [Deceased_Relative_Id], [Relationship]) VALUES (14, 183, 185, N'Husband')
INSERT INTO [dbo].[Related] ([Related_Id], [Deceased_Id], [Deceased_Relative_Id], [Relationship]) VALUES (15, 181, 184, N'Sister')
INSERT INTO [dbo].[Related] ([Related_Id], [Deceased_Id], [Deceased_Relative_Id], [Relationship]) VALUES (16, 181, 186, N'Sister')
INSERT INTO [dbo].[Related] ([Related_Id], [Deceased_Id], [Deceased_Relative_Id], [Relationship]) VALUES (17, 184, 181, N'Sister')
INSERT INTO [dbo].[Related] ([Related_Id], [Deceased_Id], [Deceased_Relative_Id], [Relationship]) VALUES (18, 184, 186, N'Sister')
INSERT INTO [dbo].[Related] ([Related_Id], [Deceased_Id], [Deceased_Relative_Id], [Relationship]) VALUES (19, 186, 181, N'Sister')
INSERT INTO [dbo].[Related] ([Related_Id], [Deceased_Id], [Deceased_Relative_Id], [Relationship]) VALUES (20, 186, 183, N'Sister')
INSERT INTO [dbo].[Related] ([Related_Id], [Deceased_Id], [Deceased_Relative_Id], [Relationship]) VALUES (21, 182, 181, N'Daughter')
INSERT INTO [dbo].[Related] ([Related_Id], [Deceased_Id], [Deceased_Relative_Id], [Relationship]) VALUES (22, 187, 181, N'Daughter')
INSERT INTO [dbo].[Related] ([Related_Id], [Deceased_Id], [Deceased_Relative_Id], [Relationship]) VALUES (23, 182, 184, N'Daughter')
INSERT INTO [dbo].[Related] ([Related_Id], [Deceased_Id], [Deceased_Relative_Id], [Relationship]) VALUES (24, 187, 184, N'Daughter')
INSERT INTO [dbo].[Related] ([Related_Id], [Deceased_Id], [Deceased_Relative_Id], [Relationship]) VALUES (25, 182, 186, N'Daughter')
INSERT INTO [dbo].[Related] ([Related_Id], [Deceased_Id], [Deceased_Relative_Id], [Relationship]) VALUES (26, 187, 186, N'Daughter')
INSERT INTO [dbo].[Related] ([Related_Id], [Deceased_Id], [Deceased_Relative_Id], [Relationship]) VALUES (27, 182, 187, N'Wife')
INSERT INTO [dbo].[Related] ([Related_Id], [Deceased_Id], [Deceased_Relative_Id], [Relationship]) VALUES (28, 187, 182, N'Husband')
SET IDENTITY_INSERT [dbo].[Related] OFF

SET IDENTITY_INSERT [dbo].[FamilyMember] ON
INSERT INTO [dbo].[FamilyMember] ([Family_Member_Id], [Relationship], [First_Name], [Middle_Name], [Last_Name], [Date_Of_Birth], [Date_Of_Death], [Deceased_Id]) VALUES (1, N'Son', N'Lucas', N'T', N'Bowers', N'2008 07 14', NULL, 160)
INSERT INTO [dbo].[FamilyMember] ([Family_Member_Id], [Relationship], [First_Name], [Middle_Name], [Last_Name], [Date_Of_Birth], [Date_Of_Death], [Deceased_Id]) VALUES (2, N'Son', N'Lucas', N'T', N'Bowers', N'2008 07 14', NULL, 161)
SET IDENTITY_INSERT [dbo].[FamilyMember] OFF

SET IDENTITY_INSERT [dbo].[Record] ON
INSERT INTO [dbo].[Record] ([Record_Id], [Record_Type], [Record_Description], [Date_Entered], [Entered_By], [Deceased_Id], [Record_Link_Id]) VALUES (1, N'Deed', N'Deed to house', N'1900-01-01 00:00:00', N'Record Keeper', 160, NULL)
INSERT INTO [dbo].[Record] ([Record_Id], [Record_Type], [Record_Description], [Date_Entered], [Entered_By], [Deceased_Id], [Record_Link_Id]) VALUES (2, N'Warrant', N'Warrant for Josh''s Arrest', N'1900-01-01 00:00:00', N'Record Keeper', 160, NULL)
SET IDENTITY_INSERT [dbo].[Record] OFF

SET IDENTITY_INSERT [dbo].[BiographicalInformation] ON
INSERT INTO [dbo].[BiographicalInformation] ([Biographical_Information_Id], [Biographical_Information_Type], [Biographical_Information_Description], [Date_Entered], [Entered_By], [Deceased_Id], [Family_Member_Id], [Information_Link_Id]) VALUES (1, N'Image', N'Here is a picture of Josh Bowers', N'1900-01-01 00:00:00', N'Biographer', 160, NULL, NULL)
INSERT INTO [dbo].[BiographicalInformation] ([Biographical_Information_Id], [Biographical_Information_Type], [Biographical_Information_Description], [Date_Entered], [Entered_By], [Deceased_Id], [Family_Member_Id], [Information_Link_Id]) VALUES (2, N'Music Video', N'Josh loved this song', N'1900-01-01 00:00:00', N'Biographer', 160, NULL, NULL)
SET IDENTITY_INSERT [dbo].[BiographicalInformation] OFF

SET IDENTITY_INSERT [dbo].[RecordLink] ON
INSERT INTO [dbo].[RecordLink] ([Record_Link_Id], [URL], [Link_To], [Record_Id]) VALUES (1, N'http://www.google.com', N'Google Homepage', 1)
SET IDENTITY_INSERT [dbo].[RecordLink] OFF

SET IDENTITY_INSERT [dbo].[InformationLink] ON
INSERT INTO [dbo].[InformationLink] ([Information_Link_Id], [URL], [Link_To], [Information_Id]) VALUES (1, N'https://www.youtube.com/watch?v=6WTdTwcmxyo', N'Tommy Tutone - 867-5309 (Jenny)', 2)
SET IDENTITY_INSERT [dbo].[InformationLink] OFF
